input_utterance,intent,parameters,utterance_template,source,seed_id,selected_templates,selected_templates_related_paraphrases,p1,p1_template,p1_ted_to_selected_templates,p1_is_similar,p2,p2_template,p2_ted_to_selected_templates,p2_is_similar,p3,p3_template,p3_ted_to_selected_templates,p3_is_similar,p1_bertscore,p2_bertscore,p3_bertscore,p1_duplicate,p1_semantics,p1_correct,p2_duplicate,p2_semantics,p2_correct,p3_duplicate,p3_semantics,p3_correct,p1_ted,p2_ted,p3_ted
Terminate i-a541 now,EndEC2Instance,"[['VM', 'i-a541']]",( S ( VP ( VB ) ( NP ) ( ADVP ) ) ),ParaQuality,1,"['( S ( VP ( VB ) ( NP ) ) )', '( S ( VP ( VB ) ( PP ) ) )']","['Locate the trending pictures tagged as #LOVE', 'Skip to the succeeding tune']",End i-a541 immediately,( NP ( NP ( NN ) ( NN ) ) ( ADVP ( RB ) ) ),"{'( S ( VP ( VB ) ( NP ) ) )': 6.0, '( S ( VP ( VB ) ( PP ) ) )': 6.0}",False,Stop i-a541 right away,( S ( VP ( VB ) ( NP ) ( ADVP ) ) ),"{'( S ( VP ( VB ) ( NP ) ) )': 1.0, '( S ( VP ( VB ) ( PP ) ) )': 2.0}",True,Cease i-a541 at once,( S ( VP ( VB ) ( NP ) ( PP ) ) ),"{'( S ( VP ( VB ) ( NP ) ) )': 1.0, '( S ( VP ( VB ) ( PP ) ) )': 1.0}",True,0.94738257,0.9389659,0.92602354,False,True,True,False,True,True,False,True,True,5.0,0.0,1.0
Search for cooking videos,SearchWeb,"[['query', 'cooking videos']]",( NP ( NP ( VB ) ) ( PP ( IN ) ( NP ) ) ),ParaQuality,2,"['( S ( VP ( VB ) ( NP ) ) )', '( S ( VP ( VB ) ( PP ) ) )']","['Include this musician called Kirk Hammett in my playlist Party', 'Jump to the following song']",Find videos about cooking,( S ( VP ( VB ) ( NP ) ) ),"{'( S ( VP ( VB ) ( NP ) ) )': 0.0, '( S ( VP ( VB ) ( PP ) ) )': 1.0}",True,Look up videos on how to cook,( S ( VP ( VB ) ( PRT ) ( NP ) ) ),"{'( S ( VP ( VB ) ( NP ) ) )': 1.0, '( S ( VP ( VB ) ( PP ) ) )': 2.0}",True,Discover tutorials for cooking,( S ( VP ( VB ) ( NP ) ) ),"{'( S ( VP ( VB ) ( NP ) ) )': 0.0, '( S ( VP ( VB ) ( PP ) ) )': 1.0}",True,0.93604577,0.907669,0.9277092,False,True,True,False,True,True,False,True,True,4.0,4.0,4.0
Find most popular photos tagged #LOVE,SearchWeb,"[['Tag', '#LOVE']]",( S ( S ( VP ) ) ( VP ( VBP ) ) ),ParaQuality,3,"['( S ( VP ( VB ) ( NP ) ) )', '( S ( VP ( VB ) ( PP ) ) )']","['discover Fox Theatres presenting The Caretaker', 'Navigate to the previous music selection']",Locate trending images with the hashtag #LOVE,( S ( VP ( VB ) ( S ) ) ),"{'( S ( VP ( VB ) ( NP ) ) )': 1.0, '( S ( VP ( VB ) ( PP ) ) )': 1.0}",True,Search for the most popular pictures labeled #LOVE,( S ( NP ( NP ) ( PP ) ) ( VP ( VBP ) ) ),"{'( S ( VP ( VB ) ( NP ) ) )': 5.0, '( S ( VP ( VB ) ( PP ) ) )': 4.0}",False,Discover the top-rated photos tagged with #LOVE,( S ( VP ( VB ) ( NP ) ) ),"{'( S ( VP ( VB ) ( NP ) ) )': 0.0, '( S ( VP ( VB ) ( PP ) ) )': 1.0}",True,0.92538935,0.959381,0.95303047,False,True,True,False,True,True,False,True,True,2.0,3.0,3.0
Search for a few nice photos matching Opera House with size 1024px * 768px,SearchWeb,"[['size', '1024px * 768px'], ['query', 'Opera House']]",( NP ( NP ( VB ) ) ( PP ( IN ) ( NP ) ) ),ParaQuality,4,"['( S ( VP ( VB ) ( NP ) ) )', '( S ( VP ( VB ) ( PP ) ) )']","['display the airlines that operate flights between Boston and Denver', 'Skip to the succeeding tune']",Find some beautiful images that match Opera House with dimensions of 1024 pixels by 768 pixels.,( S ( VP ( VB ) ( NP ) ) ( . ) ),"{'( S ( VP ( VB ) ( NP ) ) )': 1.0, '( S ( VP ( VB ) ( PP ) ) )': 2.0}",True,Locate a couple of lovely pictures that correspond to the Opera House and have a size of 1024px by 768px.,( S ( VP ( VB ) ( NP ) ) ( . ) ),"{'( S ( VP ( VB ) ( NP ) ) )': 1.0, '( S ( VP ( VB ) ( PP ) ) )': 2.0}",True,Discover several appealing photos that align with the Opera House and have a resolution of 1024 x 768 pixels.,( S ( VP ( VB ) ( NP ) ) ( . ) ),"{'( S ( VP ( VB ) ( NP ) ) )': 1.0, '( S ( VP ( VB ) ( PP ) ) )': 2.0}",True,0.93015784,0.9178335,0.9141292,False,True,True,False,True,True,False,True,True,5.0,5.0,5.0
Are the burglar alarms in the office malfunctioning ?,CheckDevice,"[['location', 'office']]",( SQ ( VBP ) ( NP ( DT ) ( NN ) ( NNS ) ) ( PP ( IN ) ( NP ) ) ( VP ( VBG ) ) ( . ) ),ParaQuality,5,"['( S ( VP ( VB ) ( NP ) ) )', '( S ( VP ( VB ) ( PP ) ) )']","['Include this musician called Kirk Hammett in my playlist Party', 'Jump to the following song']",Is there a problem with the office burglar alarms?,( SQ ( VBZ ) ( NP ( EX ) ) ( NP ( NP ) ( PP ) ) ( . ) ),"{'( S ( VP ( VB ) ( NP ) ) )': 7.0, '( S ( VP ( VB ) ( PP ) ) )': 7.0}",False,Do the burglar alarms in the office have any issues?,( SQ ( VBP ) ( NP ( DT ) ( NN ) ) ( VP ( NNS ) ( PP ) ) ( VP ( VB ) ( NP ) ) ( . ) ),"{'( S ( VP ( VB ) ( NP ) ) )': 9.0, '( S ( VP ( VB ) ( PP ) ) )': 10.0}",False,Are there any malfunctions with the security alarms in the office?,( SQ ( VBP ) ( NP ( EX ) ) ( NP ( NP ) ( PP ) ) ( . ) ),"{'( S ( VP ( VB ) ( NP ) ) )': 7.0, '( S ( VP ( VB ) ( PP ) ) )': 7.0}",False,0.9404059,0.95261747,0.9282508,False,True,True,False,True,True,False,True,True,9.0,6.0,8.0
Is the TV in the house off ?,CheckDevice,"[['device', 'TV']]",( SQ ( VBZ ) ( NP ( DT ) ( NN ) ) ( PP ( IN ) ( NP ) ) ( PRT ( RP ) ) ( . ) ),ParaQuality,6,"['( S ( VP ( VB ) ( NP ) ) )', '( S ( VP ( VB ) ( PP ) ) )']","['Find some beautiful pictures that match Opera House with dimensions of 1024px * 768px', 'Navigate to the previous music selection']",Has the television in the residence been switched off?,( SQ ( VBZ ) ( NP ( NP ) ( PP ) ) ( VP ( VBN ) ( VP ) ) ( . ) ),"{'( S ( VP ( VB ) ( NP ) ) )': 8.0, '( S ( VP ( VB ) ( PP ) ) )': 8.0}",False,Is the TV turned off inside the house?,( SQ ( VBZ ) ( NP ( DT ) ( NN ) ) ( VP ( VBN ) ( PRT ) ( PP ) ) ( . ) ),"{'( S ( VP ( VB ) ( NP ) ) )': 9.0, '( S ( VP ( VB ) ( PP ) ) )': 8.0}",False,Has anyone powered down the TV within this household?,( SQ ( VBZ ) ( NP ( NN ) ) ( VP ( VBN ) ( PRT ) ( NP ) ( PP ) ) ( . ) ),"{'( S ( VP ( VB ) ( NP ) ) )': 8.0, '( S ( VP ( VB ) ( PP ) ) )': 8.0}",False,0.94521654,0.9535009,0.9083796,False,True,True,False,True,True,False,True,True,7.0,6.0,7.0
Any suggestions for an inexpensive hotel near Seattle for tomorrow for 2,FindHotel,"[['location', 'Seattle'], ['num_of_guests', '2']]",( NP ( NP ( DT ) ( NNS ) ) ( PP ( IN ) ( NP ) ) ),ParaQuality,7,"['( S ( VP ( VB ) ( NP ) ) )', '( S ( VP ( VB ) ( PP ) ) )']","['display the airlines that operate flights between Boston and Denver', 'Navigate to the previous music selection']",Can you recommend a budget-friendly hotel near Seattle for tomorrow? We need a room for two.,( S ( SQ ( MD ) ( NP ) ( VP ) ) ( . ) ( NP ( PRP ) ) ( VP ( VBP ) ( NP ) ) ( . ) ),"{'( S ( VP ( VB ) ( NP ) ) )': 9.0, '( S ( VP ( VB ) ( PP ) ) )': 10.0}",False,"I'm looking for a cheap hotel close to Seattle. Do you have any suggestions? It's for tomorrow, and there will be two of us.","( S ( S ( NP ) ( VP ) ) ( . ) ( SQ ( VBP ) ( NP ) ( VP ) ) ( . ) ( S ( NP ) ( VP ) ) ( , ) ( CC ) ( S ( NP ) ( VP ) ) ( . ) )","{'( S ( VP ( VB ) ( NP ) ) )': 14.0, '( S ( VP ( VB ) ( PP ) ) )': 15.0}",False,"Could you suggest an affordable place to stay in the vicinity of Seattle? We'll need it tomorrow, and it should accommodate two people.",( SQ ( MD ) ( NP ( PRP ) ) ( VP ( VB ) ( SBAR ) ) ( . ) ),"{'( S ( VP ( VB ) ( NP ) ) )': 6.0, '( S ( VP ( VB ) ( PP ) ) )': 6.0}",False,0.915334,0.88880116,0.8848565,False,True,True,False,True,True,False,True,True,11.0,16.0,8.0
Are there any cheap hotels for 7-day stay somewhere near Riverside,FindHotel,"[['location', 'Riverside'], ['stay_length', '7-day']]",( SQ ( VBP ) ( NP ( EX ) ) ( NP ( NP ) ( PP ) ) ( ADVP ( RB ) ( IN ) ( NP ) ) ),ParaQuality,8,"['( S ( VP ( VB ) ( NP ) ) )', '( S ( VP ( VB ) ( PP ) ) )']","['Retrieve several attractive photos showcasing the Opera House, all measuring 1024 pixels in width and 768 pixels in height', 'Look for a couple of stunning images that correspond to Opera House with a resolution of 1024 pixels by 768 pixels']",Can you find me any affordable lodging options for a week near the Riverside area?,( SQ ( MD ) ( NP ( PRP ) ) ( VP ( VB ) ( NP ) ( NP ) ) ( . ) ),"{'( S ( VP ( VB ) ( NP ) ) )': 6.0, '( S ( VP ( VB ) ( PP ) ) )': 7.0}",False,I'm looking for budget-friendly accommodations that are close to Riverside and available for a 7-day stay. Can you help me?,( S ( NP ( PRP ) ) ( VP ( VBP ) ( VP ) ) ( . ) ( SQ ( MD ) ( NP ) ( VP ) ) ( . ) ),"{'( S ( VP ( VB ) ( NP ) ) )': 10.0, '( S ( VP ( VB ) ( PP ) ) )': 10.0}",False,Are there any reasonably priced hotels in the vicinity of Riverside where I can stay for a week?,( SQ ( VBP ) ( NP ( EX ) ) ( NP ( NP ) ( SBAR ) ) ( . ) ),"{'( S ( VP ( VB ) ( NP ) ) )': 7.0, '( S ( VP ( VB ) ( PP ) ) )': 8.0}",False,0.9281163,0.8993643,0.93642545,False,True,True,False,True,True,False,True,True,9.0,12.0,5.0
Send an email to Phil telling her that ''I got you'',SendMail,"[['contact', 'Phil'], ['message', 'I got you']]",( S ( VP ( VB ) ( NP ) ( PP ) ) ( '' ) ( '' ) ),ParaQuality,9,"['( S ( VP ( VB ) ( NP ) ) )', '( S ( VP ( VB ) ( PP ) ) )']","['find the cheapest price from Denver to Pittsburgh', 'Search for the most popular photos with the hashtag #LOVE']",Compose an email to Phil with the message 'I'll support you',( S ( S ( VP ) ) ( NP ( PRP ) ) ( VP ( MD ) ( VP ) ) ( '' ) ),"{'( S ( VP ( VB ) ( NP ) ) )': 6.0, '( S ( VP ( VB ) ( PP ) ) )': 6.0}",False,Notify Phil via email saying 'You're not alone',( S ( VP ( VB ) ( NP ) ( PP ) ) ( '' ) ),"{'( S ( VP ( VB ) ( NP ) ) )': 2.0, '( S ( VP ( VB ) ( PP ) ) )': 2.0}",True,Write and send a message to Phil expressing 'I'm here for you',( S ( VP ( VB ) ( CC ) ( VB ) ( NP ) ( PP ) ) ( '' ) ),"{'( S ( VP ( VB ) ( NP ) ) )': 4.0, '( S ( VP ( VB ) ( PP ) ) )': 4.0}",False,0.9162184,0.8878313,0.8974112,False,True,True,False,True,True,False,True,True,6.0,1.0,3.0
Give me 5 conference articles about text mining,FindArticles,"[['query', 'text mining'], ['count', '5'], ['article_type', 'conference articles']]",( S ( VP ( VB ) ( NP ) ( NP ) ) ),ParaQuality,10,"['( S ( VP ( VB ) ( NP ) ) )', '( S ( VP ( VB ) ( PP ) ) )']","['Retrieve cooking tutorials', 'Skip to the previous music track']",Find 5 scholarly papers discussing the analysis of text data at conferences.,( S ( VP ( VB ) ( NP ) ) ( . ) ),"{'( S ( VP ( VB ) ( NP ) ) )': 1.0, '( S ( VP ( VB ) ( PP ) ) )': 2.0}",True,Locate 5 conference publications that focus on text mining.,( S ( VP ( VB ) ( NP ) ) ( . ) ),"{'( S ( VP ( VB ) ( NP ) ) )': 1.0, '( S ( VP ( VB ) ( PP ) ) )': 2.0}",True,Retrieve a list of 5 scientific articles related to the topic of text mining presented at conferences.,( S ( VP ( VB ) ( NP ) ) ( . ) ),"{'( S ( VP ( VB ) ( NP ) ) )': 1.0, '( S ( VP ( VB ) ( PP ) ) )': 2.0}",True,0.9048642,0.9225284,0.900226,False,True,True,False,True,True,False,True,True,2.0,2.0,2.0
I am looking for the latest scientific article related to Machine Learning,FindArticles,[],( S ( NP ( PRP ) ) ( VP ( VBP ) ( VP ) ) ),ParaQuality,11,"['( S ( VP ( VB ) ( NP ) ) )', '( S ( VP ( VB ) ( PP ) ) )']","['Book a cab for me to get from the airport back home', 'Look for a couple of stunning images that correspond to Opera House with a resolution of 1024 pixels by 768 pixels']",Can you find me the most recent scientific paper that is about Machine Learning?,( SQ ( MD ) ( NP ( PRP ) ) ( VP ( VB ) ( NP ) ( NP ) ) ( . ) ),"{'( S ( VP ( VB ) ( NP ) ) )': 6.0, '( S ( VP ( VB ) ( PP ) ) )': 7.0}",False,I need to locate the most up-to-date article related to Machine Learning in the field of science.,( S ( NP ( PRP ) ) ( VP ( VBP ) ( S ) ) ( . ) ),"{'( S ( VP ( VB ) ( NP ) ) )': 5.0, '( S ( VP ( VB ) ( PP ) ) )': 5.0}",False,Do you have any information on the latest scientific publication regarding Machine Learning?,( SQ ( VBP ) ( NP ( PRP ) ) ( VP ( VB ) ( NP ) ) ( . ) ),"{'( S ( VP ( VB ) ( NP ) ) )': 5.0, '( S ( VP ( VB ) ( PP ) ) )': 6.0}",False,0.8639956,0.8925664,0.8642444,False,True,True,False,True,True,False,True,True,6.0,2.0,5.0
Create a comment saying ''Best Voice Ever'',CreateComment,"[['value', 'Best Voice Ever']]",( S ( VP ( VB ) ( NP ) ) ( '' ) ),ParaQuality,12,"['( S ( VP ( VB ) ( NP ) ) )', '( S ( VP ( VB ) ( PP ) ) )']","['discover Fox Theatres presenting The Caretaker', 'Navigate to the previous music selection']",Compose a comment expressing how great the voice is,( S ( VP ( VB ) ( NP ) ) ),"{'( S ( VP ( VB ) ( NP ) ) )': 0.0, '( S ( VP ( VB ) ( PP ) ) )': 1.0}",True,Generate a statement stating that it's the best voice you've ever heard,( S ( VP ( VB ) ( NP ) ) ),"{'( S ( VP ( VB ) ( NP ) ) )': 0.0, '( S ( VP ( VB ) ( PP ) ) )': 1.0}",True,Write down your thoughts on how amazing the voice sounds,( S ( VP ( VB ) ( PRT ) ( NP ) ) ),"{'( S ( VP ( VB ) ( NP ) ) )': 1.0, '( S ( VP ( VB ) ( PP ) ) )': 2.0}",True,0.88943505,0.8774915,0.8595612,False,True,True,False,True,True,False,True,True,1.0,1.0,2.0
Jump to the previous song,NavigatePlaylist,[],( S ( VP ( VB ) ( PP ) ) ),ParaQuality,13,"['( S ( VP ( VB ) ( NP ) ) )', '( S ( VP ( VB ) ( PP ) ) )']","['find the cheapest price from Denver to Pittsburgh', 'Skip to the succeeding tune']",Skip to the previous track,( S ( VP ( VB ) ( PP ) ) ),"{'( S ( VP ( VB ) ( NP ) ) )': 1.0, '( S ( VP ( VB ) ( PP ) ) )': 0.0}",True,Move back to the previous song,( S ( VP ( VB ) ( ADVP ) ) ),"{'( S ( VP ( VB ) ( NP ) ) )': 1.0, '( S ( VP ( VB ) ( PP ) ) )': 1.0}",True,Jump back to the last played music,( S ( VP ( VB ) ( ADVP ) ) ),"{'( S ( VP ( VB ) ( NP ) ) )': 1.0, '( S ( VP ( VB ) ( PP ) ) )': 1.0}",True,0.9779318,0.95183945,0.91324437,False,True,True,False,True,True,False,True,True,0.0,1.0,1.0
Skip to the next song,NavigatePlaylist,[],( S ( VP ( VB ) ( PP ) ) ),ParaQuality,14,"['( S ( VP ( VB ) ( NP ) ) )', '( S ( VP ( VB ) ( PP ) ) )']","['Retrieve cooking tutorials', 'Skip to the previous music track']",Move on to the following track,( S ( VP ( VB ) ( PRT ) ( PP ) ) ),"{'( S ( VP ( VB ) ( NP ) ) )': 2.0, '( S ( VP ( VB ) ( PP ) ) )': 1.0}",True,Proceed to the next song,( S ( VP ( VB ) ( PP ) ) ),"{'( S ( VP ( VB ) ( NP ) ) )': 1.0, '( S ( VP ( VB ) ( PP ) ) )': 0.0}",True,Advance to the subsequent music,( NP ( NP ( NN ) ) ( PP ( IN ) ( NP ) ) ),"{'( S ( VP ( VB ) ( NP ) ) )': 5.0, '( S ( VP ( VB ) ( PP ) ) )': 5.0}",False,0.91751236,0.9954378,0.89893955,False,True,True,True,True,False,False,True,True,1.0,0.0,5.0
Where can I upgrade my laptop ?,FindStores,"[['query', 'laptop']]",( SBARQ ( WHADVP ( WRB ) ) ( SQ ( MD ) ( NP ) ( VP ) ) ( . ) ),ParaQuality,15,"['( S ( VP ( VB ) ( NP ) ) )', '( S ( VP ( VB ) ( PP ) ) )']","['Book a cab for me to get from the airport back home', 'Jump to the following song']",Which places offer laptop upgrades?,( SBARQ ( WHNP ( WDT ) ( NNS ) ) ( SQ ( VP ) ) ( . ) ),"{'( S ( VP ( VB ) ( NP ) ) )': 7.0, '( S ( VP ( VB ) ( PP ) ) )': 7.0}",False,I need to know where I can upgrade my laptop.,( S ( NP ( PRP ) ) ( VP ( VBP ) ( S ) ) ( . ) ),"{'( S ( VP ( VB ) ( NP ) ) )': 5.0, '( S ( VP ( VB ) ( PP ) ) )': 5.0}",False,Can you find stores that provide laptop upgrades?,( SQ ( MD ) ( NP ( PRP ) ) ( VP ( VB ) ( NP ) ) ( . ) ),"{'( S ( VP ( VB ) ( NP ) ) )': 5.0, '( S ( VP ( VB ) ( PP ) ) )': 6.0}",False,0.89269733,0.9200753,0.8919752,False,True,True,False,True,True,False,True,True,5.0,7.0,7.0
Could you offer three barbershops in Newtown,FindStores,"[['location', 'Newtown']]",( SQ ( MD ) ( NP ( PRP ) ) ( VP ( VB ) ( NP ) ) ),ParaQuality,16,"['( S ( VP ( VB ) ( NP ) ) )', '( S ( VP ( VB ) ( PP ) ) )']","['Book a cab for me to get from the airport back home', 'Look for a couple of stunning images that correspond to Opera House with a resolution of 1024 pixels by 768 pixels']",Can you suggest three hair salons in Newtown?,( SQ ( MD ) ( NP ( PRP ) ) ( VP ( VB ) ( NP ) ) ( . ) ),"{'( S ( VP ( VB ) ( NP ) ) )': 5.0, '( S ( VP ( VB ) ( PP ) ) )': 6.0}",False,"I'm looking for three hair salons in Newtown, can you help?","( S ( NP ( PRP ) ) ( VP ( VP ) ( , ) ( SQ ) ) ( . ) )","{'( S ( VP ( VB ) ( NP ) ) )': 6.0, '( S ( VP ( VB ) ( PP ) ) )': 6.0}",False,Do you have any recommendations for three hair salons in Newtown?,( SQ ( VBP ) ( NP ( PRP ) ) ( VP ( VB ) ( NP ) ) ( . ) ),"{'( S ( VP ( VB ) ( NP ) ) )': 5.0, '( S ( VP ( VB ) ( PP ) ) )': 6.0}",False,0.9186431,0.8954022,0.8907753,False,True,True,False,True,True,False,True,True,1.0,6.0,2.0
Let me have top three convenience stores near Newtown,FindStores,"[['location', 'Newtown'], ['business', 'convenience stores']]",( S ( VP ( VB ) ( S ) ) ),ParaQuality,17,"['( S ( VP ( VB ) ( NP ) ) )', '( S ( VP ( VB ) ( PP ) ) )']","['find the cheapest price from Denver to Pittsburgh', 'Skip to the succeeding tune']",Can you show me the top three convenience stores close to Newtown?,( SQ ( MD ) ( NP ( PRP ) ) ( VP ( VB ) ( NP ) ( NP ) ) ( . ) ),"{'( S ( VP ( VB ) ( NP ) ) )': 6.0, '( S ( VP ( VB ) ( PP ) ) )': 7.0}",False,I'm looking for the best three convenience stores near Newtown. Can you help me find them?,( S ( NP ( PRP ) ) ( VP ( VP ) ( . ) ( SQ ) ) ( . ) ),"{'( S ( VP ( VB ) ( NP ) ) )': 6.0, '( S ( VP ( VB ) ( PP ) ) )': 6.0}",False,Could you give me information about the top three convenience stores in the vicinity of Newtown?,( SQ ( MD ) ( NP ( PRP ) ) ( VP ( VB ) ( NP ) ( NP ) ) ( . ) ),"{'( S ( VP ( VB ) ( NP ) ) )': 6.0, '( S ( VP ( VB ) ( PP ) ) )': 7.0}",False,0.91031235,0.8948519,0.89942634,False,True,True,False,True,True,False,True,True,7.0,6.0,7.0
I want reviews for McDonald's at Kensington st.,GetReviews,"[['location', 'Kensington st.'], ['business', ""McDonald's""]]",( S ( NP ( PRP ) ) ( VP ( VBP ) ( NP ) ( PP ) ) ( . ) ),ParaQuality,18,"['( S ( VP ( VB ) ( NP ) ) )', '( S ( VP ( VB ) ( PP ) ) )']","['discover Fox Theatres presenting The Caretaker', 'Search for the most popular photos with the hashtag #LOVE']",Can you show me the ratings for McDonald's located on Kensington Street?,( SQ ( MD ) ( NP ( PRP ) ) ( VP ( VB ) ( NP ) ( NP ) ) ( . ) ),"{'( S ( VP ( VB ) ( NP ) ) )': 6.0, '( S ( VP ( VB ) ( PP ) ) )': 7.0}",False,I am interested in finding reviews for the McDonald's restaurant on Kensington Street.,( S ( NP ( PRP ) ) ( VP ( VBP ) ( ADJP ) ) ( . ) ),"{'( S ( VP ( VB ) ( NP ) ) )': 5.0, '( S ( VP ( VB ) ( PP ) ) )': 5.0}",False,Could you provide me with feedback on the McDonald's branch situated at Kensington Street?,( SQ ( MD ) ( NP ( PRP ) ) ( VP ( VB ) ( NP ) ( PP ) ) ( . ) ),"{'( S ( VP ( VB ) ( NP ) ) )': 6.0, '( S ( VP ( VB ) ( PP ) ) )': 6.0}",False,0.91153485,0.9374042,0.90837497,False,True,True,False,True,True,False,True,True,4.0,2.0,3.0
How far is the closest cab,FindTaxi,[],( SBARQ ( WHADVP ( WRB ) ( RB ) ) ( VP ( VBZ ) ( NP ) ) ),ParaQuality,19,"['( S ( VP ( VB ) ( NP ) ) )', '( S ( VP ( VB ) ( PP ) ) )']","['Retrieve several attractive photos showcasing the Opera House, all measuring 1024 pixels in width and 768 pixels in height', 'Navigate to the previous music selection']",What is the distance to the nearest taxi?,( SBARQ ( WHNP ( WP ) ) ( SQ ( SQ ) ) ( . ) ),"{'( S ( VP ( VB ) ( NP ) ) )': 6.0, '( S ( VP ( VB ) ( PP ) ) )': 6.0}",False,Can you tell me how far the closest cab is?,( SQ ( MD ) ( NP ( PRP ) ) ( VP ( VB ) ( NP ) ( SBAR ) ) ( . ) ),"{'( S ( VP ( VB ) ( NP ) ) )': 6.0, '( S ( VP ( VB ) ( PP ) ) )': 7.0}",False,I would like to know the proximity of the nearest taxi.,( S ( NP ( PRP ) ) ( VP ( MD ) ( VP ) ) ( . ) ),"{'( S ( VP ( VB ) ( NP ) ) )': 5.0, '( S ( VP ( VB ) ( PP ) ) )': 5.0}",False,0.9127885,0.91052693,0.8866163,False,True,True,False,True,True,False,True,True,7.0,8.0,7.0
Request a taxi from the airport to home,BookTaxi,"[['from', 'airport'], ['to', 'home']]",( S ( VP ( VB ) ( NP ) ( PP ) ) ),ParaQuality,20,"['( S ( VP ( VB ) ( NP ) ) )', '( S ( VP ( VB ) ( PP ) ) )']","['locate Fox Theatres featuring The Caretaker', 'Skip to the succeeding tune']",I need a taxi to take me home from the airport.,( S ( NP ( PRP ) ) ( VP ( VBP ) ( NP ) ( S ) ) ( . ) ),"{'( S ( VP ( VB ) ( NP ) ) )': 4.0, '( S ( VP ( VB ) ( PP ) ) )': 5.0}",False,Can you arrange for a taxi to pick me up from the airport and drop me off at my house?,( SQ ( MD ) ( NP ( PRP ) ) ( VP ( VB ) ( SBAR ) ) ( . ) ),"{'( S ( VP ( VB ) ( NP ) ) )': 6.0, '( S ( VP ( VB ) ( PP ) ) )': 6.0}",False,Find a cab service that can transfer me from the airport back to my residence.,( S ( VP ( VB ) ( NP ) ) ( . ) ),"{'( S ( VP ( VB ) ( NP ) ) )': 1.0, '( S ( VP ( VB ) ( PP ) ) )': 2.0}",True,0.9244333,0.8912835,0.9248413,False,True,True,False,True,True,False,True,True,5.0,7.0,2.0
What is the forecast for Harrison-Crawford State Forest,GetWeather,"[['geographic_poi', 'Harrison-Crawford State Forest']]",( SBARQ ( WHNP ( WP ) ) ( S ( VP ) ) ),SNIPS,21,"['( S ( VP ( VB ) ( NP ) ) )', '( S ( VP ( VB ) ( PP ) ) )']","['Retrieve cooking tutorials', 'Jump to the following song']",Can you give me the weather forecast for Harrison-Crawford State Forest?,( SQ ( MD ) ( NP ( PRP ) ) ( VP ( VB ) ( NP ) ( NP ) ) ( . ) ),"{'( S ( VP ( VB ) ( NP ) ) )': 6.0, '( S ( VP ( VB ) ( PP ) ) )': 7.0}",False,I would like to know the predicted weather for Harrison-Crawford State Forest.,( S ( NP ( PRP ) ) ( VP ( MD ) ( VP ) ) ( . ) ),"{'( S ( VP ( VB ) ( NP ) ) )': 5.0, '( S ( VP ( VB ) ( PP ) ) )': 5.0}",False,What does the forecast say about Harrison-Crawford State Forest?,( SBARQ ( WHNP ( WP ) ) ( SQ ( VBZ ) ( NP ) ( VP ) ) ( . ) ),"{'( S ( VP ( VB ) ( NP ) ) )': 7.0, '( S ( VP ( VB ) ( PP ) ) )': 8.0}",False,0.9370916,0.93988734,0.96368366,False,True,True,False,True,True,False,True,True,8.0,6.0,4.0
what is the forecast for colder in Anston,GetWeather,"[['condition_temperature', 'colder'], ['city', 'Anston']]",( SBARQ ( WHNP ( WP ) ) ( S ( VP ) ) ),SNIPS,22,"['( S ( VP ( VB ) ( NP ) ) )', '( S ( VP ( VB ) ( PP ) ) )']","['Include this musician called Kirk Hammett in my playlist Party', 'Search for the most popular photos with the hashtag #LOVE']","Can you tell me the weather forecast for Anston, but colder?","( SQ ( MD ) ( NP ( PRP ) ) ( VP ( VP ) ( , ) ( CC ) ( ADJP ) ) ( . ) )","{'( S ( VP ( VB ) ( NP ) ) )': 9.0, '( S ( VP ( VB ) ( PP ) ) )': 9.0}",False,I'd like to know if there's a forecast for colder weather in Anston.,( S ( NP ( PRP ) ) ( VP ( MD ) ( VP ) ) ( . ) ),"{'( S ( VP ( VB ) ( NP ) ) )': 5.0, '( S ( VP ( VB ) ( PP ) ) )': 5.0}",False,Is there any prediction of colder temperatures in Anston?,( SQ ( VBZ ) ( NP ( EX ) ) ( NP ( NP ) ( PP ) ) ( . ) ),"{'( S ( VP ( VB ) ( NP ) ) )': 7.0, '( S ( VP ( VB ) ( PP ) ) )': 7.0}",False,0.8955223,0.90666306,0.90190464,False,True,True,False,True,True,False,True,True,9.0,6.0,8.0
How hot is it in Pesotum,GetWeather,"[['condition_temperature', 'hot'], ['city', 'Pesotum']]",( SBARQ ( WHADJP ( WRB ) ( JJ ) ) ( VP ( VBZ ) ( NP ) ( PP ) ) ),SNIPS,23,"['( S ( VP ( VB ) ( NP ) ) )', '( S ( VP ( VB ) ( PP ) ) )']","['discover Fox Theatres presenting The Caretaker', 'Skip to the previous music track']",What is the temperature in Pesotum?,( SBARQ ( WHNP ( WP ) ) ( SQ ( VBZ ) ( NP ) ( PP ) ) ( . ) ),"{'( S ( VP ( VB ) ( NP ) ) )': 7.0, '( S ( VP ( VB ) ( PP ) ) )': 7.0}",False,Tell me the current weather conditions in Pesotum.,( S ( VP ( VB ) ( NP ) ( NP ) ) ( . ) ),"{'( S ( VP ( VB ) ( NP ) ) )': 2.0, '( S ( VP ( VB ) ( PP ) ) )': 3.0}",True,Give me an update on the temperature in Pesotum.,( S ( VP ( VB ) ( NP ) ( NP ) ) ( . ) ),"{'( S ( VP ( VB ) ( NP ) ) )': 2.0, '( S ( VP ( VB ) ( PP ) ) )': 3.0}",True,0.94208604,0.91347563,0.9134583,False,True,True,False,True,True,False,True,True,5.0,7.0,7.0
"I would like to go to a pub that has italian dressing for a party of 5 on February 11, 2033",BookRestaurant,"[['restaurant_type', 'pub'], ['served_dish', 'italian dressing'], ['party_size_number', '5'], ['timeRange', 'February 11, 2033']]",( S ( NP ( PRP ) ) ( VP ( MD ) ( VP ) ) ),SNIPS,24,"['( S ( VP ( VB ) ( NP ) ) )', '( S ( VP ( VB ) ( PP ) ) )']","['Find videos on how to cook', 'Skip to the previous music track']","Can you recommend a pub with Italian dressing that can accommodate 5 people on February 11, 2033 for a party?",( SQ ( MD ) ( NP ( PRP ) ) ( VP ( VB ) ( NP ) ) ( . ) ),"{'( S ( VP ( VB ) ( NP ) ) )': 5.0, '( S ( VP ( VB ) ( PP ) ) )': 6.0}",False,"I need your help in finding a pub where I can have Italian dressing during the party for 5 individuals on February 11, 2033.",( S ( NP ( PRP ) ) ( VP ( VBP ) ( NP ) ( PP ) ) ( . ) ),"{'( S ( VP ( VB ) ( NP ) ) )': 5.0, '( S ( VP ( VB ) ( PP ) ) )': 5.0}",False,"Could you please assist me in locating a pub that serves Italian dressing and can accommodate a group of five people for an event on February eleventh, twenty thirty-three?",( SQ ( MD ) ( NP ( PRP ) ) ( VP ( UH ) ( VP ) ) ( . ) ),"{'( S ( VP ( VB ) ( NP ) ) )': 7.0, '( S ( VP ( VB ) ( PP ) ) )': 7.0}",False,0.91810125,0.92716706,0.8820816,False,True,True,False,True,True,False,True,True,5.0,4.0,4.0
Book a taverna in Equatorial Guinea this month for nine people.,BookRestaurant,"[['restaurant_type', 'taverna'], ['country', 'Equatorial Guinea'], ['timeRange', 'this month'], ['party_size_number', 'nine']]",( S ( VP ( VB ) ( NP ) ( NP ) ( PP ) ) ( . ) ),SNIPS,25,"['( S ( VP ( VB ) ( NP ) ) )', '( S ( VP ( VB ) ( PP ) ) )']","['Discover the top-rated images labeled with #LOVE', 'Look for a couple of stunning images that correspond to Opera House with a resolution of 1024 pixels by 768 pixels']",Reserve a restaurant in Equatorial Guinea this month for a party of nine.,( S ( VP ( VB ) ( NP ) ( NP ) ( PP ) ) ( . ) ),"{'( S ( VP ( VB ) ( NP ) ) )': 3.0, '( S ( VP ( VB ) ( PP ) ) )': 3.0}",True,Find and book a dining establishment in Equatorial Guinea for nine guests during this month.,( S ( VP ( VB ) ( CC ) ( VB ) ( NP ) ( PP ) ( PP ) ) ( . ) ),"{'( S ( VP ( VB ) ( NP ) ) )': 5.0, '( S ( VP ( VB ) ( PP ) ) )': 5.0}",False,Make a reservation at a tavern in Equatorial Guinea for the group of nine people by the end of this month.,( S ( VP ( VB ) ( NP ) ( PP ) ) ( . ) ),"{'( S ( VP ( VB ) ( NP ) ) )': 2.0, '( S ( VP ( VB ) ( PP ) ) )': 2.0}",True,0.9533251,0.9001475,0.9176445,False,True,True,False,True,True,False,True,True,0.0,3.0,1.0
Book a table for eight people please,BookRestaurant,"[['party_size_number', 'eight']]",( S ( VP ( VB ) ( NP ) ( ADVP ) ) ),SNIPS,26,"['( S ( VP ( VB ) ( NP ) ) )', '( S ( VP ( VB ) ( PP ) ) )']","['Retrieve several attractive photos showcasing the Opera House, all measuring 1024 pixels in width and 768 pixels in height', 'Skip to the previous music track']",Please reserve a table for a party of eight.,( S ( NP ( UH ) ) ( VP ( VB ) ( NP ) ) ( . ) ),"{'( S ( VP ( VB ) ( NP ) ) )': 3.0, '( S ( VP ( VB ) ( PP ) ) )': 4.0}",True,"I would like to make a reservation for eight people, please.",( S ( NP ( PRP ) ) ( VP ( MD ) ( VP ) ) ( . ) ),"{'( S ( VP ( VB ) ( NP ) ) )': 5.0, '( S ( VP ( VB ) ( PP ) ) )': 5.0}",False,Can you help me secure seating for a group of eight individuals?,( SQ ( MD ) ( NP ( PRP ) ) ( VP ( VB ) ( S ) ) ( . ) ),"{'( S ( VP ( VB ) ( NP ) ) )': 6.0, '( S ( VP ( VB ) ( PP ) ) )': 6.0}",False,0.9164364,0.89672214,0.87701046,False,True,True,False,True,True,False,True,True,4.0,6.0,6.0
Please add Ruud Jolie to my playlist Guest List Polygon,AddToPlaylist,"[['artist', 'Ruud Jolie'], ['playlist_owner', 'my'], ['playlist', 'Guest List Polygon']]",( S ( X ( UH ) ) ( VP ( VB ) ( NP ) ( PP ) ) ),SNIPS,27,"['( S ( VP ( VB ) ( NP ) ) )', '( S ( VP ( VB ) ( PP ) ) )']","['find the cheapest price from Denver to Pittsburgh', 'Navigate to the previous music selection']",Can you include Ruud Jolie in my playlist called Guest List Polygon?,( SQ ( MD ) ( NP ( PRP ) ) ( VP ( VB ) ( NP ) ( PP ) ) ( . ) ),"{'( S ( VP ( VB ) ( NP ) ) )': 6.0, '( S ( VP ( VB ) ( PP ) ) )': 6.0}",False,"Add Ruud Jolie to the Guest List Polygon playlist, please.","( S ( VP ( VB ) ( NP ) ( PP ) ( , ) ( ADVP ) ) ( . ) )","{'( S ( VP ( VB ) ( NP ) ) )': 4.0, '( S ( VP ( VB ) ( PP ) ) )': 4.0}",False,"I'd like to have Ruud Jolie on my Guest List Polygon playlist, can you add him?","( S ( NP ( PRP ) ) ( VP ( VP ) ( , ) ( SQ ) ( . ) ) )","{'( S ( VP ( VB ) ( NP ) ) )': 6.0, '( S ( VP ( VB ) ( PP ) ) )': 6.0}",False,0.9102505,0.92809016,0.909775,False,True,True,False,True,True,False,True,True,5.0,5.0,6.0
add this artist named Kirk Hammett to my playlist Party,AddToPlaylist,"[['music_item', 'artist'], ['artist', 'Kirk Hammett'], ['playlist_owner', 'my'], ['playlist', 'Party']]",( S ( VP ( VB ) ( NP ) ( PP ) ) ),SNIPS,28,"['( S ( VP ( VB ) ( NP ) ) )', '( S ( VP ( VB ) ( PP ) ) )']","['Retrieve several attractive photos showcasing the Opera House, all measuring 1024 pixels in width and 768 pixels in height', 'Look for a couple of stunning images that correspond to Opera House with a resolution of 1024 pixels by 768 pixels']",Include Kirk Hammett's music in my Party playlist,( S ( VP ( VB ) ( NP ) ) ),"{'( S ( VP ( VB ) ( NP ) ) )': 0.0, '( S ( VP ( VB ) ( PP ) ) )': 1.0}",True,Add the artist Kirk Hammett to my Party playlist,( S ( VP ( VB ) ( NP ) ( PP ) ) ),"{'( S ( VP ( VB ) ( NP ) ) )': 1.0, '( S ( VP ( VB ) ( PP ) ) )': 1.0}",True,Put songs by this artist called Kirk Hammett into my Party playlist,( NP ( NP ( NP ) ( PP ) ) ( VP ( VBN ) ( S ) ( PP ) ) ),"{'( S ( VP ( VB ) ( NP ) ) )': 6.0, '( S ( VP ( VB ) ( PP ) ) )': 5.0}",False,0.9183516,0.9497593,0.9481425,False,True,True,False,True,True,False,True,True,1.0,0.0,6.0
I want to put a copy of this tune into Skatepark Punks,AddToPlaylist,"[['music_item', 'tune'], ['playlist', 'Skatepark Punks']]",( S ( NP ( PRP ) ) ( VP ( VBP ) ( S ) ) ),SNIPS,29,"['( S ( VP ( VB ) ( NP ) ) )', '( S ( VP ( VB ) ( PP ) ) )']","['Retrieve cooking tutorials', 'Look for a couple of stunning images that correspond to Opera House with a resolution of 1024 pixels by 768 pixels']",I would like to add this melody to Skatepark Punks.,( S ( NP ( PRP ) ) ( VP ( MD ) ( VP ) ) ( . ) ),"{'( S ( VP ( VB ) ( NP ) ) )': 5.0, '( S ( VP ( VB ) ( PP ) ) )': 5.0}",False,Can you help me insert a duplicate of this song into Skatepark Punks?,( SQ ( MD ) ( NP ( PRP ) ) ( VP ( VB ) ( S ) ) ( . ) ),"{'( S ( VP ( VB ) ( NP ) ) )': 6.0, '( S ( VP ( VB ) ( PP ) ) )': 6.0}",False,Could you assist me in placing a replica of this track into Skatepark Punks?,( SQ ( MD ) ( NP ( PRP ) ) ( VP ( VB ) ( NP ) ( PP ) ) ( . ) ),"{'( S ( VP ( VB ) ( NP ) ) )': 6.0, '( S ( VP ( VB ) ( PP ) ) )': 6.0}",False,0.9558628,0.93152696,0.9297706,False,True,True,False,True,True,False,True,True,3.0,4.0,6.0
"I would give With Lee in Virginia, A Story of the American Civil War chronicle 4 of 6",RateBook,"[['object_name', 'With Lee in Virginia, A Story of the American Civil War'], ['object_part_of_series_type', 'chronicle'], ['rating_value', '4'], ['best_rating', '6']]",( S ( NP ( PRP ) ) ( VP ( MD ) ( VP ) ) ),SNIPS,30,"['( S ( VP ( VB ) ( NP ) ) )', '( S ( VP ( VB ) ( PP ) ) )']","['Retrieve cooking tutorials', 'Skip to the succeeding tune']","With Lee in Virginia, the fourth chronicle of six, is a compelling story about the American Civil War.",( SINV ( PP ( IN ) ( NP ) ) ( VP ( VBZ ) ) ( NP ( NP ) ( PP ) ) ( . ) ),"{'( S ( VP ( VB ) ( NP ) ) )': 9.0, '( S ( VP ( VB ) ( PP ) ) )': 9.0}",False,"A Story of the American Civil War, called With Lee in Virginia, takes place in chronicle 4 out of a series of 6.","( S ( NP ( NP ) ( , ) ( VP ) ( , ) ) ( VP ( VBZ ) ( NP ) ( PP ) ( PP ) ) ( . ) )","{'( S ( VP ( VB ) ( NP ) ) )': 9.0, '( S ( VP ( VB ) ( PP ) ) )': 9.0}",False,"The fourth installment in a series of six, With Lee in Virginia explores the events surrounding the American Civil War.","( S ( NP ( NP ) ( , ) ( PP ) ) ( VP ( VBZ ) ( NP ) ) ( . ) )","{'( S ( VP ( VB ) ( NP ) ) )': 6.0, '( S ( VP ( VB ) ( PP ) ) )': 7.0}",False,0.8806041,0.8864437,0.86848015,False,True,True,False,True,True,False,True,True,10.0,9.0,6.0
Rate this album two out of 6,RateBook,"[['object_select', 'this'], ['object_type', 'album'], ['rating_value', 'two'], ['best_rating', '6']]",( S ( VP ( VB ) ( NP ) ( NP ) ) ),SNIPS,31,"['( S ( VP ( VB ) ( NP ) ) )', '( S ( VP ( VB ) ( PP ) ) )']","['Find some beautiful pictures that match Opera House with dimensions of 1024px * 768px', 'Look for a couple of stunning images that correspond to Opera House with a resolution of 1024 pixels by 768 pixels']",Give this album a rating of 2 out of 6,( S ( VP ( VB ) ( NP ) ( NP ) ) ),"{'( S ( VP ( VB ) ( NP ) ) )': 1.0, '( S ( VP ( VB ) ( PP ) ) )': 2.0}",True,Rate this musical record with a score of two out of six,( S ( VP ( VB ) ( NP ) ( PP ) ) ),"{'( S ( VP ( VB ) ( NP ) ) )': 1.0, '( S ( VP ( VB ) ( PP ) ) )': 1.0}",True,Assign a rating of two out of six to this album,( S ( VP ( VB ) ( NP ) ( PP ) ) ),"{'( S ( VP ( VB ) ( NP ) ) )': 1.0, '( S ( VP ( VB ) ( PP ) ) )': 1.0}",True,0.94509864,0.9179466,0.92117417,False,True,True,False,True,True,False,True,True,0.0,1.0,1.0
Give the current part of the saga 4 points out of 6.,RateBook,"[['object_select', 'current'], ['object_part_of_series_type', 'saga'], ['rating_value', '4'], ['rating_unit', 'points'], ['best_rating', '6']]",( S ( VP ( VB ) ( NP ) ( NP ) ) ( . ) ),SNIPS,32,"['( S ( VP ( VB ) ( NP ) ) )', '( S ( VP ( VB ) ( PP ) ) )']","['Discover the top-rated images labeled with #LOVE', 'Navigate to the previous music selection']",Rate the current installment of the saga with 4 out of 6 points.,( S ( VP ( VB ) ( NP ) ( PP ) ) ( . ) ),"{'( S ( VP ( VB ) ( NP ) ) )': 2.0, '( S ( VP ( VB ) ( PP ) ) )': 2.0}",True,Assign a score of 4 out of 6 to the ongoing part of the saga.,( S ( VP ( VB ) ( NP ) ( PP ) ) ( . ) ),"{'( S ( VP ( VB ) ( NP ) ) )': 2.0, '( S ( VP ( VB ) ( PP ) ) )': 2.0}",True,Evaluate the current segment of the epic with a rating of 4 points out of a total score possible at six.,( S ( VP ( VB ) ( NP ) ( PP ) ) ( . ) ),"{'( S ( VP ( VB ) ( NP ) ) )': 2.0, '( S ( VP ( VB ) ( PP ) ) )': 2.0}",True,0.9593026,0.9250949,0.899353,False,True,True,False,True,True,False,True,True,1.0,1.0,1.0
Can you play some fifties music by lavern baker,PlayMusic,"[['year', 'fifties'], ['artist', 'lavern baker']]",( SQ ( MD ) ( NP ( PRP ) ) ( VP ( VB ) ( NP ) ( PP ) ) ),SNIPS,33,"['( S ( VP ( VB ) ( NP ) ) )', '( S ( VP ( VB ) ( PP ) ) )']","['Find videos on how to cook', 'Look for a couple of stunning images that correspond to Opera House with a resolution of 1024 pixels by 768 pixels']",Could you please play some music from the fifties by Lavern Baker?,( SQ ( MD ) ( NP ( PRP ) ) ( VP ( UH ) ( VP ) ) ( . ) ),"{'( S ( VP ( VB ) ( NP ) ) )': 7.0, '( S ( VP ( VB ) ( PP ) ) )': 7.0}",False,"I would like to listen to songs from the 1950s by Lavern Baker, can you help?","( S ( NP ( PRP ) ) ( VP ( VP ) ( , ) ( SQ ) ) ( . ) )","{'( S ( VP ( VB ) ( NP ) ) )': 6.0, '( S ( VP ( VB ) ( PP ) ) )': 6.0}",False,Is it possible for you to put on some fifties music sung by Lavern Baker?,( SQ ( VBZ ) ( NP ( NP ) ) ( ADJP ( JJ ) ) ( SBAR ( IN ) ( S ) ) ( . ) ),"{'( S ( VP ( VB ) ( NP ) ) )': 8.0, '( S ( VP ( VB ) ( PP ) ) )': 9.0}",False,0.9140568,0.87530607,0.90278614,False,True,True,False,True,True,False,True,True,4.0,6.0,8.0
Play a 1964 track from Shahram Nazeri on Pandora.,PlayMusic,"[['year', '1964'], ['music_item', 'track'], ['artist', 'Shahram Nazeri'], ['service', 'Pandora']]",( S ( VP ( VB ) ( NP ) ) ( . ) ),SNIPS,34,"['( S ( VP ( VB ) ( NP ) ) )', '( S ( VP ( VB ) ( PP ) ) )']","['find the cheapest price from Denver to Pittsburgh', 'Look for a couple of stunning images that correspond to Opera House with a resolution of 1024 pixels by 768 pixels']",Can you please stream a song from Shahram Nazeri that was released in 1964 on Pandora?,( SQ ( MD ) ( NP ( PRP ) ) ( VP ( UH ) ( S ) ) ( . ) ),"{'( S ( VP ( VB ) ( NP ) ) )': 6.0, '( S ( VP ( VB ) ( PP ) ) )': 7.0}",False,I would like to listen to a track by Shahram Nazeri that came out in 1964 on the Pandora platform.,( S ( NP ( PRP ) ) ( VP ( MD ) ( VP ) ) ( . ) ),"{'( S ( VP ( VB ) ( NP ) ) )': 5.0, '( S ( VP ( VB ) ( PP ) ) )': 5.0}",False,Could you play a song from the year 1964 performed by Shahram Nazeri on the Pandora app?,( SQ ( MD ) ( NP ( PRP ) ) ( VP ( VB ) ( NP ) ) ( . ) ),"{'( S ( VP ( VB ) ( NP ) ) )': 5.0, '( S ( VP ( VB ) ( PP ) ) )': 6.0}",False,0.92166054,0.9210983,0.9212719,False,True,True,False,True,True,False,True,True,6.0,4.0,4.0
Please play me some Satire music,PlayMusic,"[['genre', 'Satire']]",( S ( X ( UH ) ) ( VP ( VB ) ( NP ) ( NP ) ) ),SNIPS,35,"['( S ( VP ( VB ) ( NP ) ) )', '( S ( VP ( VB ) ( PP ) ) )']","['Find videos on how to cook', 'Skip to the succeeding tune']",Can you play some humorous music for me?,( SQ ( MD ) ( NP ( PRP ) ) ( VP ( VB ) ( NP ) ( PP ) ) ( . ) ),"{'( S ( VP ( VB ) ( NP ) ) )': 6.0, '( S ( VP ( VB ) ( PP ) ) )': 6.0}",False,"I'd like to listen to some satirical songs, please.",( S ( NP ( PRP ) ) ( VP ( MD ) ( VP ) ) ( . ) ),"{'( S ( VP ( VB ) ( NP ) ) )': 5.0, '( S ( VP ( VB ) ( PP ) ) )': 5.0}",False,Could you put on some music that's satirical in nature?,( SQ ( MD ) ( NP ( PRP ) ) ( VP ( VB ) ( PRT ) ( NP ) ) ( . ) ),"{'( S ( VP ( VB ) ( NP ) ) )': 6.0, '( S ( VP ( VB ) ( PP ) ) )': 7.0}",False,0.90771544,0.89184725,0.86466956,False,True,True,False,True,True,False,True,True,6.0,6.0,6.0
When is Crime and Punishment U.S.A. showing?,SearchScreeningEvent,"[['movie_name', 'Crime and Punishment U.S.A.']]",( SBARQ ( WHADVP ( WRB ) ) ( SQ ( VBZ ) ( NP ) ( VP ) ) ( . ) ),SNIPS,36,"['( S ( VP ( VB ) ( NP ) ) )', '( S ( VP ( VB ) ( PP ) ) )']","['Discover the top-rated images labeled with #LOVE', 'Look for a couple of stunning images that correspond to Opera House with a resolution of 1024 pixels by 768 pixels']",What are the showtimes for Crime and Punishment U.S.A.?,( SBARQ ( WHNP ( WP ) ) ( VP ( VBP ) ( NP ) ) ( . ) ),"{'( S ( VP ( VB ) ( NP ) ) )': 5.0, '( S ( VP ( VB ) ( PP ) ) )': 6.0}",False,When can I catch a screening of Crime and Punishment U.S.A.?,( SBARQ ( WHADVP ( WRB ) ) ( SQ ( MD ) ( NP ) ( VP ) ) ( . ) ),"{'( S ( VP ( VB ) ( NP ) ) )': 7.0, '( S ( VP ( VB ) ( PP ) ) )': 8.0}",False,Could you tell me when Crime and Punishment U.S.A. is playing?,( SQ ( MD ) ( NP ( PRP ) ) ( VP ( VB ) ( NP ) ( SBAR ) ) ( . ) ),"{'( S ( VP ( VB ) ( NP ) ) )': 6.0, '( S ( VP ( VB ) ( PP ) ) )': 7.0}",False,0.91589195,0.9049357,0.89992166,False,True,True,False,True,True,False,True,True,5.0,1.0,7.0
find Fox Theatres with The Caretaker,SearchScreeningEvent,"[['location_name', 'Fox Theatres'], ['movie_name', 'The Caretaker']]",( S ( VP ( VB ) ( NP ) ( PP ) ) ),SNIPS,37,"['( S ( VP ( VB ) ( NP ) ) )', '( S ( VP ( VB ) ( PP ) ) )']","['Locate the trending pictures tagged as #LOVE', 'Search for the most popular photos with the hashtag #LOVE']",Discover theaters showcasing The Caretaker at Fox Theatres.,( S ( VP ( VB ) ( NP ) ) ( . ) ),"{'( S ( VP ( VB ) ( NP ) ) )': 1.0, '( S ( VP ( VB ) ( PP ) ) )': 2.0}",True,Find cinemas where The Caretaker is playing at Fox Theatres.,( S ( VP ( VB ) ( NP ) ) ( . ) ),"{'( S ( VP ( VB ) ( NP ) ) )': 1.0, '( S ( VP ( VB ) ( PP ) ) )': 2.0}",True,Locate showtimes for the play The Caretaker at Fox Theatres.,( S ( VP ( VB ) ( NP ) ) ( . ) ),"{'( S ( VP ( VB ) ( NP ) ) )': 1.0, '( S ( VP ( VB ) ( PP ) ) )': 2.0}",True,0.9206742,0.9010744,0.90421003,False,True,True,False,True,True,False,True,True,2.0,2.0,2.0
I would like to watch The Wedding Ring at the movie theatre,SearchScreeningEvent,"[['movie_name', 'The Wedding Ring'], ['object_location_type', 'movie theatre']]",( S ( NP ( PRP ) ) ( VP ( MD ) ( VP ) ) ),SNIPS,38,"['( S ( VP ( VB ) ( NP ) ) )', '( S ( VP ( VB ) ( PP ) ) )']","['display the airlines that operate flights between Boston and Denver', 'Jump to the following song']",Can you show me where I can watch The Wedding Ring in a cinema?,( SQ ( MD ) ( NP ( PRP ) ) ( VP ( VB ) ( NP ) ( SBAR ) ) ( . ) ),"{'( S ( VP ( VB ) ( NP ) ) )': 6.0, '( S ( VP ( VB ) ( PP ) ) )': 7.0}",False,"I'm interested in seeing The Wedding Ring at the movies, can you help me find a theater that is showing it?","( S ( NP ( PRP ) ) ( VP ( VP ) ( , ) ( SQ ) ) ( . ) )","{'( S ( VP ( VB ) ( NP ) ) )': 6.0, '( S ( VP ( VB ) ( PP ) ) )': 6.0}",False,Do you know any movie theaters that are currently playing The Wedding Ring?,( SQ ( VBP ) ( NP ( PRP ) ) ( VP ( VB ) ( NP ) ) ( . ) ),"{'( S ( VP ( VB ) ( NP ) ) )': 5.0, '( S ( VP ( VB ) ( PP ) ) )': 6.0}",False,0.9084595,0.9145397,0.89410955,False,True,True,False,True,True,False,True,True,6.0,4.0,5.0
I want to read the book The Lion Sleeps Tonight,SearchCreativeWork,"[['object_type', 'book'], ['object_name', 'The Lion Sleeps Tonight']]",( S ( NP ( PRP ) ) ( VP ( VBP ) ( S ) ) ),SNIPS,39,"['( S ( VP ( VB ) ( NP ) ) )', '( S ( VP ( VB ) ( PP ) ) )']","['display the airlines that operate flights between Boston and Denver', 'Look for a couple of stunning images that correspond to Opera House with a resolution of 1024 pixels by 768 pixels']",I am interested in perusing the novel titled The Lion Sleeps Tonight.,( S ( NP ( PRP ) ) ( VP ( VBP ) ( ADJP ) ) ( . ) ),"{'( S ( VP ( VB ) ( NP ) ) )': 5.0, '( S ( VP ( VB ) ( PP ) ) )': 5.0}",False,Could you please find me the book called The Lion Sleeps Tonight?,( SQ ( MD ) ( NP ( PRP ) ) ( VP ( UH ) ( VP ) ) ( . ) ),"{'( S ( VP ( VB ) ( NP ) ) )': 7.0, '( S ( VP ( VB ) ( PP ) ) )': 7.0}",False,I would like to read a copy of The Lion Sleeps Tonight.,( S ( NP ( PRP ) ) ( VP ( MD ) ( VP ) ) ( . ) ),"{'( S ( VP ( VB ) ( NP ) ) )': 5.0, '( S ( VP ( VB ) ( PP ) ) )': 5.0}",False,0.9442904,0.9114337,0.9535935,False,True,True,False,True,True,False,True,True,2.0,5.0,3.0
find Join the Dots: B-sides and Rarities,SearchCreativeWork,"[['object_name', 'Join the Dots: B-sides and Rarities']]",( S ( VP ( VB ) ( S ) ) ),SNIPS,40,"['( S ( VP ( VB ) ( NP ) ) )', '( S ( VP ( VB ) ( PP ) ) )']","['Retrieve several attractive photos showcasing the Opera House, all measuring 1024 pixels in width and 768 pixels in height', 'Navigate to the previous music selection']",locate Join the Dots: B-sides and Rarities,( S ( S ( VP ) ) ( : ) ( NP ( NNS ) ( CC ) ( NNPS ) ) ),"{'( S ( VP ( VB ) ( NP ) ) )': 6.0, '( S ( VP ( VB ) ( PP ) ) )': 6.0}",False,discover Join the Dots: B-sides and Rarities,( S ( VP ( VB ) ( S ) ) ),"{'( S ( VP ( VB ) ( NP ) ) )': 1.0, '( S ( VP ( VB ) ( PP ) ) )': 1.0}",True,search for Join the Dots: B-sides and Rarities,( NP ( NP ( NP ) ( PP ) ) ( : ) ( NP ( NNS ) ( CC ) ( NNPS ) ) ),"{'( S ( VP ( VB ) ( NP ) ) )': 8.0, '( S ( VP ( VB ) ( PP ) ) )': 8.0}",False,0.9994621,0.99950874,0.9817496,True,True,False,True,True,False,True,True,False,6.0,0.0,9.0
Where can I buy a used copy of the game called I Lie Around?,SearchCreativeWork,"[['object_type', 'game'], ['object_name', 'I Lie Around']]",( SBARQ ( WHADVP ( WRB ) ) ( SQ ( MD ) ( NP ) ( VP ) ) ( . ) ),SNIPS,41,"['( S ( VP ( VB ) ( NP ) ) )', '( S ( VP ( VB ) ( PP ) ) )']","['Find some beautiful pictures that match Opera House with dimensions of 1024px * 768px', 'Search for the most popular photos with the hashtag #LOVE']",I want to know where I can purchase a secondhand version of the game titled I Lie Around.,( S ( NP ( PRP ) ) ( VP ( VBP ) ( S ) ) ( . ) ),"{'( S ( VP ( VB ) ( NP ) ) )': 5.0, '( S ( VP ( VB ) ( PP ) ) )': 5.0}",False,Can you help me find a place to buy a pre-owned copy of the video game called I Lie Around?,( SQ ( MD ) ( NP ( PRP ) ) ( VP ( VB ) ( NP ) ( VP ) ) ( . ) ),"{'( S ( VP ( VB ) ( NP ) ) )': 6.0, '( S ( VP ( VB ) ( PP ) ) )': 7.0}",False,Do you have any information on where I can find and purchase a used edition of the game named I Lie Around?,( SQ ( VBP ) ( NP ( PRP ) ) ( VP ( VB ) ( NP ) ) ( . ) ),"{'( S ( VP ( VB ) ( NP ) ) )': 5.0, '( S ( VP ( VB ) ( PP ) ) )': 6.0}",False,0.93347675,0.9365514,0.9277136,False,True,True,False,True,True,False,True,True,7.0,6.0,7.0
please give me the cheapest flight from denver to pittsburgh,flight,"[['cost_relative', 'cheapest'], ['fromloc.city_name', 'denver'], ['toloc.city_name', 'pittsburgh']]",( S ( X ( UH ) ) ( VP ( VB ) ( NP ) ( NP ) ) ),ATIS,42,"['( S ( VP ( VB ) ( NP ) ) )', '( S ( VP ( VB ) ( PP ) ) )']","['Book a cab for me to get from the airport back home', 'Look for a couple of stunning images that correspond to Opera House with a resolution of 1024 pixels by 768 pixels']",Can you find the most affordable plane ticket from Denver to Pittsburgh?,( SQ ( MD ) ( NP ( PRP ) ) ( VP ( VB ) ( NP ) ) ( . ) ),"{'( S ( VP ( VB ) ( NP ) ) )': 5.0, '( S ( VP ( VB ) ( PP ) ) )': 6.0}",False,I'm looking for the least expensive flight option from Denver to Pittsburgh.,( S ( NP ( PRP ) ) ( VP ( VBP ) ( VP ) ) ( . ) ),"{'( S ( VP ( VB ) ( NP ) ) )': 5.0, '( S ( VP ( VB ) ( PP ) ) )': 5.0}",False,Could you help me locate the cheapest airfare between Denver and Pittsburgh?,( SQ ( MD ) ( NP ( PRP ) ) ( VP ( VB ) ( S ) ) ( . ) ),"{'( S ( VP ( VB ) ( NP ) ) )': 6.0, '( S ( VP ( VB ) ( PP ) ) )': 6.0}",False,0.90918565,0.91768306,0.9145504,False,True,True,False,True,True,False,True,True,6.0,6.0,7.0
i want to fly from milwaukee to orlando on either wednesday evening or thursday morning,flight,"[['fromloc.city_name', 'milwaukee'], ['toloc.city_name', 'orlando'], ['depart_date.day_name', 'wednesday'], ['depart_time.period_of_day', 'evening'], ['depart_date.day_name', 'thursday'], ['depart_time.period_of_day', 'morning']]",( S ( NP ( PRP ) ) ( VP ( VBP ) ( S ) ) ),ATIS,43,"['( S ( VP ( VB ) ( NP ) ) )', '( S ( VP ( VB ) ( PP ) ) )']","['Book a cab for me to get from the airport back home', 'Skip to the succeeding tune']","I am interested in taking a flight from Milwaukee to Orlando, either on Wednesday evening or Thursday morning.",( S ( NP ( PRP ) ) ( VP ( VBP ) ( ADJP ) ) ( . ) ),"{'( S ( VP ( VB ) ( NP ) ) )': 5.0, '( S ( VP ( VB ) ( PP ) ) )': 5.0}",False,"I would like to travel from Milwaukee to Orlando, and I have the option of flying on either Wednesday evening or Thursday morning.","( S ( S ( NP ) ( VP ) ) ( , ) ( CC ) ( S ( NP ) ( VP ) ) ( . ) )","{'( S ( VP ( VB ) ( NP ) ) )': 7.0, '( S ( VP ( VB ) ( PP ) ) )': 8.0}",False,Is it possible for me to book a flight from Milwaukee to Orlando? I am flexible with my timings and can choose between Wednesday evening or Thursday morning.,( SQ ( VBZ ) ( NP ( NP ) ) ( ADJP ( JJ ) ) ( SBAR ( IN ) ( S ) ) ( . ) ( NP ( PRP ) ) ( VP ( VP ) ( CC ) ( VP ) ) ( . ) ),"{'( S ( VP ( VB ) ( NP ) ) )': 15.0, '( S ( VP ( VB ) ( PP ) ) )': 15.0}",False,0.93745863,0.9319164,0.8985062,False,True,True,False,True,True,False,True,True,2.0,7.0,13.0
what is the lowest fare from denver to pittsburgh,airfare,"[['cost_relative', 'lowest'], ['fromloc.city_name', 'denver'], ['toloc.city_name', 'pittsburgh']]",( SBAR ( WHNP ( WP ) ) ( S ( VP ) ) ),ATIS,44,"['( S ( VP ( VB ) ( NP ) ) )', '( S ( VP ( VB ) ( PP ) ) )']","['locate Fox Theatres featuring The Caretaker', 'Search for the most popular photos with the hashtag #LOVE']",How much does it cost to fly from Denver to Pittsburgh?,( SBARQ ( WHNP ( WRB ) ( RB ) ) ( SQ ( VBZ ) ( NP ) ( VP ) ) ( . ) ),"{'( S ( VP ( VB ) ( NP ) ) )': 8.0, '( S ( VP ( VB ) ( PP ) ) )': 9.0}",False,What is the cheapest fare for a flight from Denver to Pittsburgh?,( SBARQ ( WHNP ( WP ) ) ( VP ( VBZ ) ( NP ) ) ( . ) ),"{'( S ( VP ( VB ) ( NP ) ) )': 5.0, '( S ( VP ( VB ) ( PP ) ) )': 6.0}",False,Can you tell me the lowest price for a ticket from Denver to Pittsburgh?,( SQ ( MD ) ( NP ( PRP ) ) ( VP ( VB ) ( NP ) ( NP ) ) ( . ) ),"{'( S ( VP ( VB ) ( NP ) ) )': 6.0, '( S ( VP ( VB ) ( PP ) ) )': 7.0}",False,0.8895539,0.92331165,0.89101267,False,True,True,False,True,True,False,True,True,7.0,4.0,8.0
what is the cheapest one way fare from boston to baltimore,airfare,"[['cost_relative', 'cheapest'], ['round_trip', 'one way'], ['fromloc.city_name', 'boston'], ['toloc.city_name', 'baltimore']]",( SBARQ ( WHNP ( WP ) ) ( S ( VP ) ) ),ATIS,45,"['( S ( VP ( VB ) ( NP ) ) )', '( S ( VP ( VB ) ( PP ) ) )']","['Discover the top-rated images labeled with #LOVE', 'Navigate to the previous music selection']",How much is the lowest one-way ticket price from Boston to Baltimore?,( SBARQ ( WHNP ( WRB ) ( JJ ) ) ( SQ ( VBZ ) ( NP ) ) ( . ) ),"{'( S ( VP ( VB ) ( NP ) ) )': 7.0, '( S ( VP ( VB ) ( PP ) ) )': 8.0}",False,What is the least expensive fare for a one-way trip from Boston to Baltimore?,( SBARQ ( WHNP ( WP ) ) ( VP ( VBZ ) ( NP ) ) ( . ) ),"{'( S ( VP ( VB ) ( NP ) ) )': 5.0, '( S ( VP ( VB ) ( PP ) ) )': 6.0}",False,Can you tell me the cheapest cost for a single journey from Boston to Baltimore?,( SQ ( MD ) ( NP ( PRP ) ) ( VP ( VB ) ( NP ) ( NP ) ) ( . ) ),"{'( S ( VP ( VB ) ( NP ) ) )': 6.0, '( S ( VP ( VB ) ( PP ) ) )': 7.0}",False,0.9238867,0.9346671,0.89787084,False,True,True,False,True,True,False,True,True,6.0,3.0,8.0
what is the ground transportation from oakland to san francisco,ground_service,"[['fromloc.city_name', 'oakland'], ['toloc.city_name', 'san francisco']]",( SBARQ ( WHNP ( WP ) ) ( S ( VP ) ) ),ATIS,46,"['( S ( VP ( VB ) ( NP ) ) )', '( S ( VP ( VB ) ( PP ) ) )']","['Retrieve cooking tutorials', 'Navigate to the previous music selection']",How can I get from Oakland to San Francisco?,( SBARQ ( WHADVP ( WRB ) ) ( SQ ( MD ) ( NP ) ( VP ) ) ( . ) ),"{'( S ( VP ( VB ) ( NP ) ) )': 7.0, '( S ( VP ( VB ) ( PP ) ) )': 8.0}",False,What are the transportation options between Oakland and San Francisco?,( SBARQ ( WHNP ( WP ) ) ( SQ ( VBP ) ( NP ) ) ( . ) ),"{'( S ( VP ( VB ) ( NP ) ) )': 6.0, '( S ( VP ( VB ) ( PP ) ) )': 7.0}",False,Tell me about the ways to travel from Oakland to San Francisco.,( S ( VP ( VB ) ( NP ) ( PP ) ) ( . ) ),"{'( S ( VP ( VB ) ( NP ) ) )': 2.0, '( S ( VP ( VB ) ( PP ) ) )': 2.0}",True,0.88987434,0.90467983,0.89478385,False,True,True,False,True,True,False,True,True,6.0,4.0,6.0
can i get a rental car in dallas,ground_service,"[['transport_type', 'rental car'], ['city_name', 'dallas']]",( SQ ( MD ) ( NP ( PRP ) ) ( VP ( VB ) ( NP ) ( PP ) ) ),ATIS,47,"['( S ( VP ( VB ) ( NP ) ) )', '( S ( VP ( VB ) ( PP ) ) )']","['discover Fox Theatres presenting The Caretaker', 'Skip to the previous music track']",Is it possible to find a rental car in Dallas?,( SQ ( VBZ ) ( NP ( NP ) ) ( ADJP ( JJ ) ) ( S ( VP ) ) ( . ) ),"{'( S ( VP ( VB ) ( NP ) ) )': 7.0, '( S ( VP ( VB ) ( PP ) ) )': 8.0}",False,Could you help me find a car for rent in Dallas?,( SQ ( MD ) ( NP ( PRP ) ) ( VP ( VB ) ( S ) ) ( . ) ),"{'( S ( VP ( VB ) ( NP ) ) )': 6.0, '( S ( VP ( VB ) ( PP ) ) )': 6.0}",False,Are there any available rentals cars in Dallas?,( SQ ( VBP ) ( NP ( EX ) ) ( NP ( NP ) ( PP ) ) ( . ) ),"{'( S ( VP ( VB ) ( NP ) ) )': 7.0, '( S ( VP ( VB ) ( PP ) ) )': 7.0}",False,0.91690046,0.90976053,0.8849296,False,True,True,False,True,True,False,True,True,7.0,3.0,5.0
what airlines fly between boston and atlanta,airline,"[['fromloc.city_name', 'boston'], ['toloc.city_name', 'atlanta']]",( SBAR ( WHNP ( WP ) ) ( S ( NP ) ( VP ) ) ),ATIS,48,"['( S ( VP ( VB ) ( NP ) ) )', '( S ( VP ( VB ) ( PP ) ) )']","['Include this musician called Kirk Hammett in my playlist Party', 'Navigate to the previous music selection']",Which airlines operate flights between Boston and Atlanta?,( SBARQ ( WHNP ( WDT ) ( NNS ) ) ( SQ ( VP ) ) ( . ) ),"{'( S ( VP ( VB ) ( NP ) ) )': 7.0, '( S ( VP ( VB ) ( PP ) ) )': 7.0}",False,Can you tell me the airlines that fly from Boston to Atlanta?,( SQ ( MD ) ( NP ( PRP ) ) ( VP ( VB ) ( NP ) ( NP ) ) ( . ) ),"{'( S ( VP ( VB ) ( NP ) ) )': 6.0, '( S ( VP ( VB ) ( PP ) ) )': 7.0}",False,"I'm looking for information on flights from Boston to Atlanta, which airlines should I consider?",( S ( NP ( PRP ) ) ( VP ( VBP ) ( VP ) ) ( . ) ),"{'( S ( VP ( VB ) ( NP ) ) )': 5.0, '( S ( VP ( VB ) ( PP ) ) )': 5.0}",False,0.92320716,0.8808749,0.8666519,False,True,True,False,True,True,False,True,True,6.0,8.0,6.0
show me the airlines between boston and denver,airline,"[['fromloc.city_name', 'boston'], ['toloc.city_name', 'denver']]",( S ( VP ( VB ) ( S ) ) ),ATIS,49,"['( S ( VP ( VB ) ( NP ) ) )', '( S ( VP ( VB ) ( PP ) ) )']","['discover Fox Theatres presenting The Caretaker', 'Navigate to the previous music selection']",display the airlines operating flights from Boston to Denver,( S ( VP ( VB ) ( S ) ) ),"{'( S ( VP ( VB ) ( NP ) ) )': 1.0, '( S ( VP ( VB ) ( PP ) ) )': 1.0}",True,find the airlines that fly between Boston and Denver,( S ( VP ( VB ) ( NP ) ) ),"{'( S ( VP ( VB ) ( NP ) ) )': 0.0, '( S ( VP ( VB ) ( PP ) ) )': 1.0}",True,show me a list of airlines that serve routes from Boston to Denver,( S ( VP ( VB ) ( NP ) ( NP ) ) ),"{'( S ( VP ( VB ) ( NP ) ) )': 1.0, '( S ( VP ( VB ) ( PP ) ) )': 2.0}",True,0.89073914,0.9059193,0.91529316,False,True,True,False,True,True,False,True,True,0.0,1.0,2.0
what does ls stand for,abbreviation,"[['meal_code', 'ls']]",( SBARQ ( WHNP ( WP ) ) ( SQ ( VBZ ) ( NP ) ( VP ) ) ),ATIS,50,"['( S ( VP ( VB ) ( NP ) ) )', '( S ( VP ( VB ) ( PP ) ) )']","['locate Fox Theatres featuring The Caretaker', 'Search for the most popular photos with the hashtag #LOVE']",What is the meaning of ls?,( SBARQ ( WHNP ( WP ) ) ( SQ ( VBZ ) ( NP ) ) ( . ) ),"{'( S ( VP ( VB ) ( NP ) ) )': 6.0, '( S ( VP ( VB ) ( PP ) ) )': 7.0}",False,Can you tell me what ls stands for?,( SQ ( MD ) ( NP ( PRP ) ) ( VP ( VB ) ( NP ) ( SBAR ) ) ( . ) ),"{'( S ( VP ( VB ) ( NP ) ) )': 6.0, '( S ( VP ( VB ) ( PP ) ) )': 7.0}",False,"I'm curious about the acronym ls, can you explain it to me?","( S ( NP ( PRP ) ) ( VP ( VP ) ( , ) ( SQ ) ) ( . ) )","{'( S ( VP ( VB ) ( NP ) ) )': 6.0, '( S ( VP ( VB ) ( PP ) ) )': 6.0}",False,0.87662786,0.902967,0.8284031,False,True,True,False,True,True,False,True,True,2.0,8.0,8.0
what does dfw mean,abbreviation,"[['airport_code', 'dfw']]",( SBARQ ( WHNP ( WP ) ) ( SQ ( VBZ ) ( NP ) ( VP ) ) ),ATIS,51,"['( S ( VP ( VB ) ( NP ) ) )', '( S ( VP ( VB ) ( PP ) ) )']","['Find some beautiful pictures that match Opera House with dimensions of 1024px * 768px', 'Skip to the previous music track']",Can you please explain the meaning of dfw?,( SQ ( MD ) ( NP ( PRP ) ) ( VP ( UH ) ( VP ) ) ( . ) ),"{'( S ( VP ( VB ) ( NP ) ) )': 7.0, '( S ( VP ( VB ) ( PP ) ) )': 7.0}",False,I would like to know the definition of dfw.,( S ( NP ( PRP ) ) ( VP ( MD ) ( VP ) ) ( . ) ),"{'( S ( VP ( VB ) ( NP ) ) )': 5.0, '( S ( VP ( VB ) ( PP ) ) )': 5.0}",False,What is the significance of dfw?,( SBARQ ( WHNP ( WP ) ) ( SQ ( VBZ ) ( NP ) ) ( . ) ),"{'( S ( VP ( VB ) ( NP ) ) )': 6.0, '( S ( VP ( VB ) ( PP ) ) )': 7.0}",False,0.8875787,0.89493096,0.9247058,False,True,True,False,True,True,False,True,True,8.0,7.0,2.0
