input_utterance,intent,parameters,utterance_template,source,seed_id,selected_templates,selected_templates_related_paraphrases,p1,p1_template,p1_ted_to_selected_templates,p1_is_similar,p2,p2_template,p2_ted_to_selected_templates,p2_is_similar,p3,p3_template,p3_ted_to_selected_templates,p3_is_similar
Terminate i-a541 now,EndEC2Instance,"[['VM', 'i-a541']]",( S ( VP ( VB ) ( NP ) ( ADVP ) ) ),ParaQuality,1,"['( S ( VP ( VB ) ( NP ) ) )', '( SQ ( MD ) ( NP ( PRP ) ) ( VP ( VB ) ( NP ) ( NP ) ) ( . ) )']","['locate Fox Theatres featuring The Caretaker', 'Can you find me any budget-friendly hotels for a 7-day stay in the vicinity of Riverside?']",Find a restaurant that serves Italian cuisine.,( S ( VP ( VB ) ( NP ) ) ( . ) ),"{'( S ( VP ( VB ) ( NP ) ) )': 1.0, '( SQ ( MD ) ( NP ( PRP ) ) ( VP ( VB ) ( NP ) ( NP ) ) ( . ) )': 5.0}",True,Show me Italian food options nearby.,( S ( VP ( VB ) ( NP ) ( NP ) ( ADVP ) ) ( . ) ),"{'( S ( VP ( VB ) ( NP ) ) )': 3.0, '( SQ ( MD ) ( NP ( PRP ) ) ( VP ( VB ) ( NP ) ( NP ) ) ( . ) )': 5.0}",True,Locate places where I can get some good Italian dishes.,( S ( VP ( VB ) ( NP ) ) ( . ) ),"{'( S ( VP ( VB ) ( NP ) ) )': 1.0, '( SQ ( MD ) ( NP ( PRP ) ) ( VP ( VB ) ( NP ) ( NP ) ) ( . ) )': 5.0}",True
Search for cooking videos,SearchWeb,"[['query', 'cooking videos']]",( NP ( NP ( VB ) ) ( PP ( IN ) ( NP ) ) ),ParaQuality,2,"['( S ( VP ( VB ) ( NP ) ) )', '( SQ ( MD ) ( NP ( PRP ) ) ( VP ( VB ) ( NP ) ( NP ) ) ( . ) )']","['Retrieve a selection of attractive photos that are similar to Opera House and have a resolution of 1024 pixels by 768 pixels', 'Could you give me an update on the weather conditions at Harrison-Crawford State Forest?']",Find videos on how to cook,( S ( VP ( VB ) ( NP ) ) ),"{'( S ( VP ( VB ) ( NP ) ) )': 0.0, '( SQ ( MD ) ( NP ( PRP ) ) ( VP ( VB ) ( NP ) ( NP ) ) ( . ) )': 6.0}",True,Discover cooking tutorials,( S ( VP ( VB ) ( NP ) ) ),"{'( S ( VP ( VB ) ( NP ) ) )': 0.0, '( SQ ( MD ) ( NP ( PRP ) ) ( VP ( VB ) ( NP ) ( NP ) ) ( . ) )': 6.0}",True,Look up videos related to cooking,( S ( VP ( VB ) ( PRT ) ( NP ) ) ),"{'( S ( VP ( VB ) ( NP ) ) )': 1.0, '( SQ ( MD ) ( NP ( PRP ) ) ( VP ( VB ) ( NP ) ( NP ) ) ( . ) )': 6.0}",True
Find most popular photos tagged #LOVE,SearchWeb,"[['Tag', '#LOVE']]",( S ( S ( VP ) ) ( VP ( VBP ) ) ),ParaQuality,3,"['( S ( VP ( VB ) ( NP ) ) )', '( SQ ( MD ) ( NP ( PRP ) ) ( VP ( VB ) ( NP ) ( NP ) ) ( . ) )']","['Retrieve 5 conference articles that discuss text mining', 'Can you find me a pub with Italian dressing where I can host a party for 5 people on February 11, 2033?']",Discover the most popular images labeled with #LOVE,( S ( VP ( VB ) ( NP ) ) ),"{'( S ( VP ( VB ) ( NP ) ) )': 0.0, '( SQ ( MD ) ( NP ( PRP ) ) ( VP ( VB ) ( NP ) ( NP ) ) ( . ) )': 6.0}",True,Locate the top-rated pictures tagged with #LOVE,( S ( VP ( VB ) ( NP ) ) ),"{'( S ( VP ( VB ) ( NP ) ) )': 0.0, '( SQ ( MD ) ( NP ( PRP ) ) ( VP ( VB ) ( NP ) ( NP ) ) ( . ) )': 6.0}",True,Search for trending photos that are tagged with #LOVE,( NP ( NP ( VB ) ) ( PP ( IN ) ( NP ) ) ),"{'( S ( VP ( VB ) ( NP ) ) )': 4.0, '( SQ ( MD ) ( NP ( PRP ) ) ( VP ( VB ) ( NP ) ( NP ) ) ( . ) )': 7.0}",False
Search for a few nice photos matching Opera House with size 1024px * 768px,SearchWeb,"[['size', '1024px * 768px'], ['query', 'Opera House']]",( NP ( NP ( VB ) ) ( PP ( IN ) ( NP ) ) ),ParaQuality,4,"['( S ( VP ( VB ) ( NP ) ) )', '( SQ ( MD ) ( NP ( PRP ) ) ( VP ( VB ) ( NP ) ( NP ) ) ( . ) )']","['Find videos about cooking', 'Can you show me five conference articles regarding text mining?']",Locate several beautiful images that match the Opera House with dimensions of 1024px * 768px.,( S ( VP ( VB ) ( NP ) ) ( . ) ),"{'( S ( VP ( VB ) ( NP ) ) )': 1.0, '( SQ ( MD ) ( NP ( PRP ) ) ( VP ( VB ) ( NP ) ( NP ) ) ( . ) )': 5.0}",True,Discover a few stunning photographs that correspond to the Opera House with a size of 1024px * 768px.,( S ( VP ( VB ) ( NP ) ) ( . ) ),"{'( S ( VP ( VB ) ( NP ) ) )': 1.0, '( SQ ( MD ) ( NP ( PRP ) ) ( VP ( VB ) ( NP ) ( NP ) ) ( . ) )': 5.0}",True,"Look up some nice pictures resembling the Opera House, sized at 1024 pixels by 768 pixels.",( S ( VP ( VB ) ( PRT ) ( NP ) ) ( . ) ),"{'( S ( VP ( VB ) ( NP ) ) )': 2.0, '( SQ ( MD ) ( NP ( PRP ) ) ( VP ( VB ) ( NP ) ( NP ) ) ( . ) )': 5.0}",True
Are the burglar alarms in the office malfunctioning ?,CheckDevice,"[['location', 'office']]",( SQ ( VBP ) ( NP ( DT ) ( NN ) ( NNS ) ) ( PP ( IN ) ( NP ) ) ( VP ( VBG ) ) ( . ) ),ParaQuality,5,"['( S ( VP ( VB ) ( NP ) ) )', '( SQ ( MD ) ( NP ( PRP ) ) ( VP ( VB ) ( NP ) ( NP ) ) ( . ) )']","['define dfw please', 'Can you tell me the current temperature in Pesotum?']",Do the burglar alarms in the office have a malfunction?,( SQ ( VBP ) ( NP ( DT ) ( NN ) ) ( VP ( NNS ) ( PP ) ) ( VP ( VB ) ( NP ) ) ( . ) ),"{'( S ( VP ( VB ) ( NP ) ) )': 9.0, '( SQ ( MD ) ( NP ( PRP ) ) ( VP ( VB ) ( NP ) ( NP ) ) ( . ) )': 7.0}",False,Are there any issues with the burglar alarms in the office?,( SQ ( VBP ) ( NP ( EX ) ) ( NP ( NP ) ( PP ) ) ( . ) ),"{'( S ( VP ( VB ) ( NP ) ) )': 7.0, '( SQ ( MD ) ( NP ( PRP ) ) ( VP ( VB ) ( NP ) ( NP ) ) ( . ) )': 5.0}",False,Is there a problem with the burglar alarms in the office?,( SQ ( VBZ ) ( NP ( EX ) ) ( NP ( NP ) ( PP ) ) ( . ) ),"{'( S ( VP ( VB ) ( NP ) ) )': 7.0, '( SQ ( MD ) ( NP ( PRP ) ) ( VP ( VB ) ( NP ) ( NP ) ) ( . ) )': 5.0}",False
Is the TV in the house off ?,CheckDevice,"[['device', 'TV']]",( SQ ( VBZ ) ( NP ( DT ) ( NN ) ) ( PP ( IN ) ( NP ) ) ( PRT ( RP ) ) ( . ) ),ParaQuality,6,"['( S ( VP ( VB ) ( NP ) ) )', '( SQ ( MD ) ( NP ( PRP ) ) ( VP ( VB ) ( NP ) ( NP ) ) ( . ) )']","['Locate the most popular pictures with the #LOVE tag', 'Can you tell me the current temperature in Pesotum?']",Has the TV in the house been turned off?,( SQ ( VBZ ) ( NP ( NP ) ( PP ) ) ( VP ( VBN ) ( VP ) ) ( . ) ),"{'( S ( VP ( VB ) ( NP ) ) )': 8.0, '( SQ ( MD ) ( NP ( PRP ) ) ( VP ( VB ) ( NP ) ( NP ) ) ( . ) )': 6.0}",False,Is the television switched off inside the residence?,( SQ ( VBZ ) ( NP ( DT ) ( NN ) ) ( VP ( VBN ) ( PRT ) ( PP ) ) ( . ) ),"{'( S ( VP ( VB ) ( NP ) ) )': 9.0, '( SQ ( MD ) ( NP ( PRP ) ) ( VP ( VB ) ( NP ) ( NP ) ) ( . ) )': 6.0}",False,Can you confirm if the TV within the premises is currently off?,( SQ ( MD ) ( NP ( PRP ) ) ( VP ( VB ) ( SBAR ) ) ( . ) ),"{'( S ( VP ( VB ) ( NP ) ) )': 6.0, '( SQ ( MD ) ( NP ( PRP ) ) ( VP ( VB ) ( NP ) ( NP ) ) ( . ) )': 2.0}",True
Any suggestions for an inexpensive hotel near Seattle for tomorrow for 2,FindHotel,"[['location', 'Seattle'], ['num_of_guests', '2']]",( NP ( NP ( DT ) ( NNS ) ) ( PP ( IN ) ( NP ) ) ),ParaQuality,7,"['( S ( VP ( VB ) ( NP ) ) )', '( SQ ( MD ) ( NP ( PRP ) ) ( VP ( VB ) ( NP ) ( NP ) ) ( . ) )']","['discover places with Join the Dots: B-sides and Rarities', 'Can you tell me the current weather in Pesotum?']",Could you recommend a budget-friendly hotel near Seattle for tomorrow night for two people?,( SQ ( MD ) ( NP ( PRP ) ) ( VP ( VB ) ( NP ) ) ( . ) ),"{'( S ( VP ( VB ) ( NP ) ) )': 5.0, '( SQ ( MD ) ( NP ( PRP ) ) ( VP ( VB ) ( NP ) ( NP ) ) ( . ) )': 1.0}",True,"Do you have any suggestions for a cheap hotel close to Seattle for tomorrow's stay, accommodating two people?","( SQ ( VBP ) ( NP ( PRP ) ) ( VP ( VB ) ( NP ) ( , ) ( S ) ) ( . ) )","{'( S ( VP ( VB ) ( NP ) ) )': 6.0, '( SQ ( MD ) ( NP ( PRP ) ) ( VP ( VB ) ( NP ) ( NP ) ) ( . ) )': 2.0}",True,I'm looking for an affordable hotel in the vicinity of Seattle that is available tomorrow and can accommodate two guests. Can you help me find one?,( S ( NP ( PRP ) ) ( VP ( VP ) ( . ) ( SQ ) ) ( . ) ),"{'( S ( VP ( VB ) ( NP ) ) )': 6.0, '( SQ ( MD ) ( NP ( PRP ) ) ( VP ( VB ) ( NP ) ( NP ) ) ( . ) )': 5.0}",False
Are there any cheap hotels for 7-day stay somewhere near Riverside,FindHotel,"[['location', 'Riverside'], ['stay_length', '7-day']]",( SQ ( VBP ) ( NP ( EX ) ) ( NP ( NP ) ( PP ) ) ( ADVP ( RB ) ( IN ) ( NP ) ) ),ParaQuality,8,"['( S ( VP ( VB ) ( NP ) ) )', '( SQ ( MD ) ( NP ( PRP ) ) ( VP ( VB ) ( NP ) ( NP ) ) ( . ) )']","['find flights from boston to denver', 'Can you tell me the weather forecast for Harrison-Crawford State Forest?']",I'm looking for affordable accommodations for a week-long stay in the vicinity of Riverside.,( S ( NP ( PRP ) ) ( VP ( VBP ) ( VP ) ) ( . ) ),"{'( S ( VP ( VB ) ( NP ) ) )': 5.0, '( SQ ( MD ) ( NP ( PRP ) ) ( VP ( VB ) ( NP ) ( NP ) ) ( . ) )': 5.0}",False,Are there any budget-friendly hotels available for a 7-day visit near Riverside?,( SQ ( VBP ) ( NP ( EX ) ) ( NP ( NP ) ( ADJP ) ) ( . ) ),"{'( S ( VP ( VB ) ( NP ) ) )': 7.0, '( SQ ( MD ) ( NP ( PRP ) ) ( VP ( VB ) ( NP ) ( NP ) ) ( . ) )': 5.0}",False,Can you recommend economical lodging options nearby Riverside where I can stay for seven days?,( SQ ( MD ) ( NP ( PRP ) ) ( VP ( VB ) ( NP ) ( SBAR ) ) ( . ) ),"{'( S ( VP ( VB ) ( NP ) ) )': 6.0, '( SQ ( MD ) ( NP ( PRP ) ) ( VP ( VB ) ( NP ) ( NP ) ) ( . ) )': 1.0}",True
Send an email to Phil telling her that ''I got you'',SendMail,"[['contact', 'Phil'], ['message', 'I got you']]",( S ( VP ( VB ) ( NP ) ( PP ) ) ( '' ) ( '' ) ),ParaQuality,9,"['( S ( VP ( VB ) ( NP ) ) )', '( SQ ( MD ) ( NP ( PRP ) ) ( VP ( VB ) ( NP ) ( NP ) ) ( . ) )']","['locate Fox Theatres that are currently presenting The Caretaker', 'Can you show me 5 conference articles on the topic of text mining?']",Find Italian food establishments in the area,( S ( VP ( VB ) ( NP ) ) ),"{'( S ( VP ( VB ) ( NP ) ) )': 0.0, '( SQ ( MD ) ( NP ( PRP ) ) ( VP ( VB ) ( NP ) ( NP ) ) ( . ) )': 6.0}",True,Discover restaurants that serve Italian cuisine,( S ( VP ( VB ) ( NP ) ) ),"{'( S ( VP ( VB ) ( NP ) ) )': 0.0, '( SQ ( MD ) ( NP ( PRP ) ) ( VP ( VB ) ( NP ) ( NP ) ) ( . ) )': 6.0}",True,Locate places where I can get Italian dishes,( S ( VP ( VB ) ( NP ) ) ),"{'( S ( VP ( VB ) ( NP ) ) )': 0.0, '( SQ ( MD ) ( NP ( PRP ) ) ( VP ( VB ) ( NP ) ( NP ) ) ( . ) )': 6.0}",True
Give me 5 conference articles about text mining,FindArticles,"[['query', 'text mining'], ['count', '5'], ['article_type', 'conference articles']]",( S ( VP ( VB ) ( NP ) ( NP ) ) ),ParaQuality,10,"['( S ( VP ( VB ) ( NP ) ) )', '( SQ ( MD ) ( NP ( PRP ) ) ( VP ( VB ) ( NP ) ( NP ) ) ( . ) )']","['find places with Join the Dots: B-sides and Rarities', 'Can you tell me the proximity of the nearest taxi?']",Please locate 5 conference articles related to text mining.,( S ( X ( UH ) ) ( VP ( VB ) ( NP ) ) ( . ) ),"{'( S ( VP ( VB ) ( NP ) ) )': 3.0, '( SQ ( MD ) ( NP ( PRP ) ) ( VP ( VB ) ( NP ) ( NP ) ) ( . ) )': 5.0}",True,I would like information on 5 conference articles about text mining.,( S ( NP ( PRP ) ) ( VP ( MD ) ( VP ) ) ( . ) ),"{'( S ( VP ( VB ) ( NP ) ) )': 5.0, '( SQ ( MD ) ( NP ( PRP ) ) ( VP ( VB ) ( NP ) ( NP ) ) ( . ) )': 5.0}",False,Can you find me some conference articles that discuss text mining? I need at least 5.,( SQ ( MD ) ( NP ( PRP ) ) ( VP ( VB ) ( NP ) ( SBAR ) ) ( . ) ),"{'( S ( VP ( VB ) ( NP ) ) )': 6.0, '( SQ ( MD ) ( NP ( PRP ) ) ( VP ( VB ) ( NP ) ( NP ) ) ( . ) )': 1.0}",True
I am looking for the latest scientific article related to Machine Learning,FindArticles,[],( S ( NP ( PRP ) ) ( VP ( VBP ) ( VP ) ) ),ParaQuality,11,"['( S ( VP ( VB ) ( NP ) ) )', '( SQ ( MD ) ( NP ( PRP ) ) ( VP ( VB ) ( NP ) ( NP ) ) ( . ) )']","['Find 5 conference articles related to text mining', ""Can you give me the reviews for the McDonald's located at Kensington st.?""]",Could you please find me the most recent scientific paper related to Machine Learning?,( SQ ( MD ) ( NP ( PRP ) ) ( VP ( UH ) ( VP ) ) ( . ) ),"{'( S ( VP ( VB ) ( NP ) ) )': 7.0, '( SQ ( MD ) ( NP ( PRP ) ) ( VP ( VB ) ( NP ) ( NP ) ) ( . ) )': 3.0}",True,I need the newest article about Machine Learning in the scientific field.,( S ( NP ( PRP ) ) ( VP ( VBP ) ( NP ) ) ( . ) ),"{'( S ( VP ( VB ) ( NP ) ) )': 4.0, '( SQ ( MD ) ( NP ( PRP ) ) ( VP ( VB ) ( NP ) ( NP ) ) ( . ) )': 4.0}",False,Is it possible for you to locate the most up-to-date scholarly publication about Machine Learning?,( SQ ( VBZ ) ( NP ( NP ) ) ( ADJP ( JJ ) ) ( SBAR ( IN ) ( S ) ) ( . ) ),"{'( S ( VP ( VB ) ( NP ) ) )': 8.0, '( SQ ( MD ) ( NP ( PRP ) ) ( VP ( VB ) ( NP ) ( NP ) ) ( . ) )': 8.0}",False
Create a comment saying ''Best Voice Ever'',CreateComment,"[['value', 'Best Voice Ever']]",( S ( VP ( VB ) ( NP ) ) ( '' ) ),ParaQuality,12,"['( S ( VP ( VB ) ( NP ) ) )', '( SQ ( MD ) ( NP ( PRP ) ) ( VP ( VB ) ( NP ) ( NP ) ) ( . ) )']","['locate Fox Theatres that are currently presenting The Caretaker', 'Can you tell me the weather forecast for Harrison-Crawford State Forest?']",Find restaurants that serve Italian cuisine.,( S ( VP ( VB ) ( NP ) ) ( . ) ),"{'( S ( VP ( VB ) ( NP ) ) )': 1.0, '( SQ ( MD ) ( NP ( PRP ) ) ( VP ( VB ) ( NP ) ( NP ) ) ( . ) )': 5.0}",True,Discover places where I can get Italian food.,( S ( VP ( VB ) ( NP ) ) ( . ) ),"{'( S ( VP ( VB ) ( NP ) ) )': 1.0, '( SQ ( MD ) ( NP ( PRP ) ) ( VP ( VB ) ( NP ) ( NP ) ) ( . ) )': 5.0}",True,Locate eateries with a menu that includes Italian dishes.,( S ( VP ( VB ) ( NP ) ) ( . ) ),"{'( S ( VP ( VB ) ( NP ) ) )': 1.0, '( SQ ( MD ) ( NP ( PRP ) ) ( VP ( VB ) ( NP ) ( NP ) ) ( . ) )': 5.0}",True
Jump to the previous song,NavigatePlaylist,[],( S ( VP ( VB ) ( PP ) ) ),ParaQuality,13,"['( S ( VP ( VB ) ( NP ) ) )', '( SQ ( MD ) ( NP ( PRP ) ) ( VP ( VB ) ( NP ) ( NP ) ) ( . ) )']","['include this musician called Kirk Hammett in my Party playlist', 'Can you tell me the meaning of ls?']",Skip to the previous track,( S ( VP ( VB ) ( PP ) ) ),"{'( S ( VP ( VB ) ( NP ) ) )': 1.0, '( SQ ( MD ) ( NP ( PRP ) ) ( VP ( VB ) ( NP ) ( NP ) ) ( . ) )': 7.0}",True,Go back to the previous song,( S ( VP ( VB ) ( ADVP ) ) ),"{'( S ( VP ( VB ) ( NP ) ) )': 1.0, '( SQ ( MD ) ( NP ( PRP ) ) ( VP ( VB ) ( NP ) ( NP ) ) ( . ) )': 7.0}",True,Move to the song played before this one,( S ( VP ( VB ) ( PP ) ) ),"{'( S ( VP ( VB ) ( NP ) ) )': 1.0, '( SQ ( MD ) ( NP ( PRP ) ) ( VP ( VB ) ( NP ) ( NP ) ) ( . ) )': 7.0}",True
Skip to the next song,NavigatePlaylist,[],( S ( VP ( VB ) ( PP ) ) ),ParaQuality,14,"['( S ( VP ( VB ) ( NP ) ) )', '( SQ ( MD ) ( NP ( PRP ) ) ( VP ( VB ) ( NP ) ( NP ) ) ( . ) )']","['find a screening of The Caretaker at Fox Theatres', 'Can you tell me the weather forecast for Harrison-Crawford State Forest?']",Move to the next track,( S ( VP ( VB ) ( PP ) ) ),"{'( S ( VP ( VB ) ( NP ) ) )': 1.0, '( SQ ( MD ) ( NP ( PRP ) ) ( VP ( VB ) ( NP ) ( NP ) ) ( . ) )': 7.0}",True,Skip to the following song,( S ( VP ( VB ) ( PP ) ) ),"{'( S ( VP ( VB ) ( NP ) ) )': 1.0, '( SQ ( MD ) ( NP ( PRP ) ) ( VP ( VB ) ( NP ) ( NP ) ) ( . ) )': 7.0}",True,Jump ahead to the next music,( S ( VP ( VB ) ( ADVP ) ( PP ) ) ),"{'( S ( VP ( VB ) ( NP ) ) )': 2.0, '( SQ ( MD ) ( NP ( PRP ) ) ( VP ( VB ) ( NP ) ( NP ) ) ( . ) )': 7.0}",True
Where can I upgrade my laptop ?,FindStores,"[['query', 'laptop']]",( SBARQ ( WHADVP ( WRB ) ) ( SQ ( MD ) ( NP ) ( VP ) ) ( . ) ),ParaQuality,15,"['( S ( VP ( VB ) ( NP ) ) )', '( SQ ( MD ) ( NP ( PRP ) ) ( VP ( VB ) ( NP ) ( NP ) ) ( . ) )']","['Discover cooking tutorials', 'Can you tell me the current temperature in Pesotum?']",Which place provides laptop upgrade services?,( SBARQ ( WHNP ( WDT ) ( NN ) ) ( SQ ( VP ) ) ( . ) ),"{'( S ( VP ( VB ) ( NP ) ) )': 7.0, '( SQ ( MD ) ( NP ( PRP ) ) ( VP ( VB ) ( NP ) ( NP ) ) ( . ) )': 9.0}",False,I want to know where I can get my laptop upgraded.,( S ( NP ( PRP ) ) ( VP ( VBP ) ( S ) ) ( . ) ),"{'( S ( VP ( VB ) ( NP ) ) )': 5.0, '( SQ ( MD ) ( NP ( PRP ) ) ( VP ( VB ) ( NP ) ( NP ) ) ( . ) )': 5.0}",False,Do you have information on locations that offer upgrades for laptops?,( SQ ( VBP ) ( NP ( PRP ) ) ( VP ( VB ) ( NP ) ) ( . ) ),"{'( S ( VP ( VB ) ( NP ) ) )': 5.0, '( SQ ( MD ) ( NP ( PRP ) ) ( VP ( VB ) ( NP ) ( NP ) ) ( . ) )': 2.0}",True
Could you offer three barbershops in Newtown,FindStores,"[['location', 'Newtown']]",( SQ ( MD ) ( NP ( PRP ) ) ( VP ( VB ) ( NP ) ) ),ParaQuality,16,"['( S ( VP ( VB ) ( NP ) ) )', '( SQ ( MD ) ( NP ( PRP ) ) ( VP ( VB ) ( NP ) ( NP ) ) ( . ) )']","['locate Fox Theatres featuring The Caretaker', 'Can you tell me the cheapest price for a flight from Denver to Pittsburgh?']",I'm looking for three hair salons in Newtown. Can you help?,( S ( NP ( PRP ) ) ( VP ( VP ) ( . ) ( SQ ) ) ( . ) ),"{'( S ( VP ( VB ) ( NP ) ) )': 6.0, '( SQ ( MD ) ( NP ( PRP ) ) ( VP ( VB ) ( NP ) ( NP ) ) ( . ) )': 5.0}",False,Do you know of any three barbershops in Newtown? I need recommendations.,( S ( SQ ( VBP ) ( NP ) ( VP ) ) ( . ) ( NP ( PRP ) ) ( VP ( VBP ) ( NP ) ) ( . ) ),"{'( S ( VP ( VB ) ( NP ) ) )': 9.0, '( SQ ( MD ) ( NP ( PRP ) ) ( VP ( VB ) ( NP ) ( NP ) ) ( . ) )': 8.0}",False,Could you provide me with a list of three barbershops located in Newtown?,( SQ ( MD ) ( NP ( PRP ) ) ( VP ( VB ) ( NP ) ( PP ) ) ( . ) ),"{'( S ( VP ( VB ) ( NP ) ) )': 6.0, '( SQ ( MD ) ( NP ( PRP ) ) ( VP ( VB ) ( NP ) ( NP ) ) ( . ) )': 1.0}",True
Let me have top three convenience stores near Newtown,FindStores,"[['location', 'Newtown'], ['business', 'convenience stores']]",( S ( VP ( VB ) ( S ) ) ),ParaQuality,17,"['( S ( VP ( VB ) ( NP ) ) )', '( SQ ( MD ) ( NP ( PRP ) ) ( VP ( VB ) ( NP ) ( NP ) ) ( . ) )']","['locate Fox Theatres that show The Caretaker', 'Can you show me five conference articles regarding text mining?']",Find the top three convenience stores nearby Newtown for me.,( S ( VP ( VB ) ( NP ) ) ( . ) ),"{'( S ( VP ( VB ) ( NP ) ) )': 1.0, '( SQ ( MD ) ( NP ( PRP ) ) ( VP ( VB ) ( NP ) ( NP ) ) ( . ) )': 5.0}",True,Could you please help me find the best three convenience stores in close proximity to Newtown?,( SQ ( MD ) ( NP ( PRP ) ) ( VP ( UH ) ( S ) ) ( . ) ),"{'( S ( VP ( VB ) ( NP ) ) )': 6.0, '( SQ ( MD ) ( NP ( PRP ) ) ( VP ( VB ) ( NP ) ( NP ) ) ( . ) )': 3.0}",True,I would like to locate and have information on the top three convenience stores near Newtown.,( S ( NP ( PRP ) ) ( VP ( MD ) ( VP ) ) ( . ) ),"{'( S ( VP ( VB ) ( NP ) ) )': 5.0, '( SQ ( MD ) ( NP ( PRP ) ) ( VP ( VB ) ( NP ) ( NP ) ) ( . ) )': 5.0}",False
I want reviews for McDonald's at Kensington st.,GetReviews,"[['location', 'Kensington st.'], ['business', ""McDonald's""]]",( S ( NP ( PRP ) ) ( VP ( VBP ) ( NP ) ( PP ) ) ( . ) ),ParaQuality,18,"['( S ( VP ( VB ) ( NP ) ) )', '( SQ ( MD ) ( NP ( PRP ) ) ( VP ( VB ) ( NP ) ( NP ) ) ( . ) )']","['display the list of airlines operating between Boston and Denver', 'can you give me the forecast for cooler temperatures in Anston?']",Please show me the ratings for McDonald's located at Kensington Street.,( S ( X ( UH ) ) ( VP ( VB ) ( NP ) ( NP ) ) ( . ) ),"{'( S ( VP ( VB ) ( NP ) ) )': 4.0, '( SQ ( MD ) ( NP ( PRP ) ) ( VP ( VB ) ( NP ) ( NP ) ) ( . ) )': 4.0}",False,Can you provide me with feedback on McDonald's near Kensington st?,( SQ ( MD ) ( NP ( PRP ) ) ( VP ( VB ) ( NP ) ( PP ) ) ( . ) ),"{'( S ( VP ( VB ) ( NP ) ) )': 6.0, '( SQ ( MD ) ( NP ( PRP ) ) ( VP ( VB ) ( NP ) ( NP ) ) ( . ) )': 1.0}",True,I'm looking for reviews of the McDonald's restaurant on Kensington street.,( S ( NP ( PRP ) ) ( VP ( VBP ) ( VP ) ) ( . ) ),"{'( S ( VP ( VB ) ( NP ) ) )': 5.0, '( SQ ( MD ) ( NP ( PRP ) ) ( VP ( VB ) ( NP ) ( NP ) ) ( . ) )': 5.0}",False
How far is the closest cab,FindTaxi,[],( SBARQ ( WHADVP ( WRB ) ( RB ) ) ( VP ( VBZ ) ( NP ) ) ),ParaQuality,19,"['( S ( VP ( VB ) ( NP ) ) )', '( SQ ( MD ) ( NP ( PRP ) ) ( VP ( VB ) ( NP ) ( NP ) ) ( . ) )']","['Find videos about cooking', 'Can you find me a pub that serves Italian dressing for a group of 5 people on February 11, 2033?']",What is the distance to the nearest taxi?,( SBARQ ( WHNP ( WP ) ) ( SQ ( SQ ) ) ( . ) ),"{'( S ( VP ( VB ) ( NP ) ) )': 6.0, '( SQ ( MD ) ( NP ( PRP ) ) ( VP ( VB ) ( NP ) ( NP ) ) ( . ) )': 8.0}",False,Can you tell me how far away the closest cab is?,( SQ ( MD ) ( NP ( PRP ) ) ( VP ( VB ) ( NP ) ( SBAR ) ) ( . ) ),"{'( S ( VP ( VB ) ( NP ) ) )': 6.0, '( SQ ( MD ) ( NP ( PRP ) ) ( VP ( VB ) ( NP ) ( NP ) ) ( . ) )': 1.0}",True,How long would it take for me to reach the nearest taxi?,( SBARQ ( WHADVP ( WRB ) ( RB ) ) ( SQ ( MD ) ( NP ) ( VP ) ) ( . ) ),"{'( S ( VP ( VB ) ( NP ) ) )': 8.0, '( SQ ( MD ) ( NP ( PRP ) ) ( VP ( VB ) ( NP ) ( NP ) ) ( . ) )': 8.0}",False
Request a taxi from the airport to home,BookTaxi,"[['from', 'airport'], ['to', 'home']]",( S ( VP ( VB ) ( NP ) ( PP ) ) ),ParaQuality,20,"['( S ( VP ( VB ) ( NP ) ) )', '( SQ ( MD ) ( NP ( PRP ) ) ( VP ( VB ) ( NP ) ( NP ) ) ( . ) )']","['Retrieve several high-quality photographs that are similar to Opera House and have a size of 1024 pixels by 768 pixels', 'Can you find me the most recent scientific paper that discusses Machine Learning?']",Find me a taxi to take me home from the airport,( S ( VP ( VB ) ( S ) ) ),"{'( S ( VP ( VB ) ( NP ) ) )': 1.0, '( SQ ( MD ) ( NP ( PRP ) ) ( VP ( VB ) ( NP ) ( NP ) ) ( . ) )': 7.0}",True,I need a taxi service from the airport to my house,( S ( NP ( PRP ) ) ( VP ( VBP ) ( NP ) ) ),"{'( S ( VP ( VB ) ( NP ) ) )': 3.0, '( SQ ( MD ) ( NP ( PRP ) ) ( VP ( VB ) ( NP ) ( NP ) ) ( . ) )': 5.0}",True,Can you arrange for a cab to pick me up at the airport and drop me off at home?,( SQ ( MD ) ( NP ( PRP ) ) ( VP ( VB ) ( PP ) ) ( . ) ),"{'( S ( VP ( VB ) ( NP ) ) )': 6.0, '( SQ ( MD ) ( NP ( PRP ) ) ( VP ( VB ) ( NP ) ( NP ) ) ( . ) )': 2.0}",True
what is the forecast for colder in Anston,GetWeather,"[['condition_temperature', 'colder'], ['city', 'Anston']]",( SBARQ ( WHNP ( WP ) ) ( S ( VP ) ) ),SNIPS,22,"['( S ( VP ( VB ) ( NP ) ) )', '( SQ ( MD ) ( NP ( PRP ) ) ( VP ( VB ) ( NP ) ( NP ) ) ( . ) )']","['find flights from boston to denver', 'Can you show me the most recent scientific paper on Machine Learning?']",Can you give me the cold forecast for Anston?,( SQ ( MD ) ( NP ( PRP ) ) ( VP ( VB ) ( NP ) ( NP ) ) ( . ) ),"{'( S ( VP ( VB ) ( NP ) ) )': 6.0, '( SQ ( MD ) ( NP ( PRP ) ) ( VP ( VB ) ( NP ) ( NP ) ) ( . ) )': 0.0}",True,"I would like to know the predicted weather for Anston, expecting it to be colder.",( S ( NP ( PRP ) ) ( VP ( MD ) ( VP ) ) ( . ) ),"{'( S ( VP ( VB ) ( NP ) ) )': 5.0, '( SQ ( MD ) ( NP ( PRP ) ) ( VP ( VB ) ( NP ) ( NP ) ) ( . ) )': 5.0}",False,"What can you tell me about the weather in Anston, specifically how cold it will be?",( SBARQ ( WHNP ( WP ) ) ( SQ ( MD ) ( NP ) ( VP ) ) ( . ) ),"{'( S ( VP ( VB ) ( NP ) ) )': 7.0, '( SQ ( MD ) ( NP ( PRP ) ) ( VP ( VB ) ( NP ) ( NP ) ) ( . ) )': 7.0}",False
How hot is it in Pesotum,GetWeather,"[['condition_temperature', 'hot'], ['city', 'Pesotum']]",( SBARQ ( WHADJP ( WRB ) ( JJ ) ) ( VP ( VBZ ) ( NP ) ( PP ) ) ),SNIPS,23,"['( S ( VP ( VB ) ( NP ) ) )', '( SQ ( MD ) ( NP ( PRP ) ) ( VP ( VB ) ( NP ) ( NP ) ) ( . ) )']","['find the lowest cost ticket from Denver to Pittsburgh', 'Can you find me the cheapest fare for a one-way trip from Boston to Baltimore?']",What is the temperature like in Pesotum?,( SBARQ ( WHNP ( WP ) ) ( SQ ( VBZ ) ( NP ) ) ( . ) ),"{'( S ( VP ( VB ) ( NP ) ) )': 6.0, '( SQ ( MD ) ( NP ( PRP ) ) ( VP ( VB ) ( NP ) ( NP ) ) ( . ) )': 7.0}",False,Can you tell me the current temperature in Pesotum?,( SQ ( MD ) ( NP ( PRP ) ) ( VP ( VB ) ( NP ) ( NP ) ) ( . ) ),"{'( S ( VP ( VB ) ( NP ) ) )': 6.0, '( SQ ( MD ) ( NP ( PRP ) ) ( VP ( VB ) ( NP ) ( NP ) ) ( . ) )': 0.0}",True,I'm curious about how hot it gets in Pesotum.,( S ( NP ( PRP ) ) ( VP ( VBP ) ( ADJP ) ) ( . ) ),"{'( S ( VP ( VB ) ( NP ) ) )': 5.0, '( SQ ( MD ) ( NP ( PRP ) ) ( VP ( VB ) ( NP ) ( NP ) ) ( . ) )': 5.0}",False
"I would like to go to a pub that has italian dressing for a party of 5 on February 11, 2033",BookRestaurant,"[['restaurant_type', 'pub'], ['served_dish', 'italian dressing'], ['party_size_number', '5'], ['timeRange', 'February 11, 2033']]",( S ( NP ( PRP ) ) ( VP ( MD ) ( VP ) ) ),SNIPS,24,"['( S ( VP ( VB ) ( NP ) ) )', '( SQ ( MD ) ( NP ( PRP ) ) ( VP ( VB ) ( NP ) ( NP ) ) ( . ) )']","['include this musician called Kirk Hammett in my Party playlist', 'Can you tell me the least expensive one-way fare from Boston to Baltimore?']","Is there a party of 5 on February 11, 2033 that wants to go to a pub with Italian dressing?",( SQ ( VBZ ) ( NP ( EX ) ) ( NP ( NP ) ( SBAR ) ) ( . ) ),"{'( S ( VP ( VB ) ( NP ) ) )': 7.0, '( SQ ( MD ) ( NP ( PRP ) ) ( VP ( VB ) ( NP ) ( NP ) ) ( . ) )': 5.0}",False,"Can you find me a pub for an upcoming party on February 11, 2033? It needs to have Italian dressing and accommodate a group of 5.",( SQ ( MD ) ( NP ( PRP ) ) ( VP ( VB ) ( NP ) ( NP ) ( PP ) ( SBAR ) ) ( . ) ),"{'( S ( VP ( VB ) ( NP ) ) )': 8.0, '( SQ ( MD ) ( NP ( PRP ) ) ( VP ( VB ) ( NP ) ( NP ) ) ( . ) )': 2.0}",True,"Could you please locate a pub that serves Italian dressing for parties? I have one scheduled for February 11, 2033 with a group size of about five people.",( SQ ( MD ) ( NP ( PRP ) ) ( VP ( UH ) ( S ) ) ( . ) ( NP ( PRP ) ) ( VP ( VBP ) ( NP ) ) ( . ) ),"{'( S ( VP ( VB ) ( NP ) ) )': 11.0, '( SQ ( MD ) ( NP ( PRP ) ) ( VP ( VB ) ( NP ) ( NP ) ) ( . ) )': 7.0}",False
Book a taverna in Equatorial Guinea this month for nine people.,BookRestaurant,"[['restaurant_type', 'taverna'], ['country', 'Equatorial Guinea'], ['timeRange', 'this month'], ['party_size_number', 'nine']]",( S ( VP ( VB ) ( NP ) ( NP ) ( PP ) ) ( . ) ),SNIPS,25,"['( S ( VP ( VB ) ( NP ) ) )', '( SQ ( MD ) ( NP ( PRP ) ) ( VP ( VB ) ( NP ) ( NP ) ) ( . ) )']","['locate Fox Theatres that are currently presenting The Caretaker', 'Can you tell me the current weather in Pesotum?']",Can you help me find a tavern in Equatorial Guinea for a party of nine this month?,( SQ ( MD ) ( NP ( PRP ) ) ( VP ( VB ) ( S ) ) ( . ) ),"{'( S ( VP ( VB ) ( NP ) ) )': 6.0, '( SQ ( MD ) ( NP ( PRP ) ) ( VP ( VB ) ( NP ) ( NP ) ) ( . ) )': 2.0}",True,I need to make a reservation for nine people at a restaurant in Equatorial Guinea this month.,( S ( NP ( PRP ) ) ( VP ( VBP ) ( S ) ) ( . ) ),"{'( S ( VP ( VB ) ( NP ) ) )': 5.0, '( SQ ( MD ) ( NP ( PRP ) ) ( VP ( VB ) ( NP ) ( NP ) ) ( . ) )': 5.0}",False,Find me a place in Equatorial Guinea where I can dine with eight other people this month.,( S ( VP ( VB ) ( NP ) ( NP ) ) ( . ) ),"{'( S ( VP ( VB ) ( NP ) ) )': 2.0, '( SQ ( MD ) ( NP ( PRP ) ) ( VP ( VB ) ( NP ) ( NP ) ) ( . ) )': 4.0}",True
Book a table for eight people please,BookRestaurant,"[['party_size_number', 'eight']]",( S ( VP ( VB ) ( NP ) ( ADVP ) ) ),SNIPS,26,"['( S ( VP ( VB ) ( NP ) ) )', '( SQ ( MD ) ( NP ( PRP ) ) ( VP ( VB ) ( NP ) ( NP ) ) ( . ) )']","['list all the airlines that have flights from boston to atlanta', 'Can you tell me the definition of DFW?']",Please reserve a table for a group of eight.,( S ( NP ( UH ) ) ( VP ( VB ) ( NP ) ) ( . ) ),"{'( S ( VP ( VB ) ( NP ) ) )': 3.0, '( SQ ( MD ) ( NP ( PRP ) ) ( VP ( VB ) ( NP ) ( NP ) ) ( . ) )': 4.0}",True,"I would like to make a reservation for eight people, please.",( S ( NP ( PRP ) ) ( VP ( MD ) ( VP ) ) ( . ) ),"{'( S ( VP ( VB ) ( NP ) ) )': 5.0, '( SQ ( MD ) ( NP ( PRP ) ) ( VP ( VB ) ( NP ) ( NP ) ) ( . ) )': 5.0}",False,Can I book a table that can accommodate eight individuals?,( SQ ( MD ) ( NP ( PRP ) ) ( VP ( VB ) ( NP ) ) ( . ) ),"{'( S ( VP ( VB ) ( NP ) ) )': 5.0, '( SQ ( MD ) ( NP ( PRP ) ) ( VP ( VB ) ( NP ) ( NP ) ) ( . ) )': 1.0}",True
Please add Ruud Jolie to my playlist Guest List Polygon,AddToPlaylist,"[['artist', 'Ruud Jolie'], ['playlist_owner', 'my'], ['playlist', 'Guest List Polygon']]",( S ( X ( UH ) ) ( VP ( VB ) ( NP ) ( PP ) ) ),SNIPS,27,"['( S ( VP ( VB ) ( NP ) ) )', '( SQ ( MD ) ( NP ( PRP ) ) ( VP ( VB ) ( NP ) ( NP ) ) ( . ) )']","['Discover cooking tutorials', 'Can you find me a pub with Italian dressing where I can host a party for 5 people on February 11, 2033?']",Find establishments that serve Italian cuisine,( S ( VP ( VB ) ( NP ) ) ),"{'( S ( VP ( VB ) ( NP ) ) )': 0.0, '( SQ ( MD ) ( NP ( PRP ) ) ( VP ( VB ) ( NP ) ( NP ) ) ( . ) )': 6.0}",True,Locate restaurants offering Italian dishes,( S ( VP ( VB ) ( NP ) ) ),"{'( S ( VP ( VB ) ( NP ) ) )': 0.0, '( SQ ( MD ) ( NP ( PRP ) ) ( VP ( VB ) ( NP ) ( NP ) ) ( . ) )': 6.0}",True,Discover places where I can enjoy Italian food,( S ( VP ( VB ) ( NP ) ) ),"{'( S ( VP ( VB ) ( NP ) ) )': 0.0, '( SQ ( MD ) ( NP ( PRP ) ) ( VP ( VB ) ( NP ) ( NP ) ) ( . ) )': 6.0}",True
add this artist named Kirk Hammett to my playlist Party,AddToPlaylist,"[['music_item', 'artist'], ['artist', 'Kirk Hammett'], ['playlist_owner', 'my'], ['playlist', 'Party']]",( S ( VP ( VB ) ( NP ) ( PP ) ) ),SNIPS,28,"['( S ( VP ( VB ) ( NP ) ) )', '( SQ ( MD ) ( NP ( PRP ) ) ( VP ( VB ) ( NP ) ( NP ) ) ( . ) )']","['Discover the top-rated pictures tagged with #LOVE', ""Could you give me some information about the customer reviews of McDonald's on Kensington St?""]",Find restaurants in the area that serve Italian cuisine,( S ( VP ( VB ) ( NP ) ) ),"{'( S ( VP ( VB ) ( NP ) ) )': 0.0, '( SQ ( MD ) ( NP ( PRP ) ) ( VP ( VB ) ( NP ) ( NP ) ) ( . ) )': 6.0}",True,Locate places where I can enjoy Italian food,( S ( VP ( VB ) ( NP ) ) ),"{'( S ( VP ( VB ) ( NP ) ) )': 0.0, '( SQ ( MD ) ( NP ( PRP ) ) ( VP ( VB ) ( NP ) ( NP ) ) ( . ) )': 6.0}",True,Show me local eateries that offer Italian dishes,( S ( VP ( VB ) ( NP ) ( NP ) ) ),"{'( S ( VP ( VB ) ( NP ) ) )': 1.0, '( SQ ( MD ) ( NP ( PRP ) ) ( VP ( VB ) ( NP ) ( NP ) ) ( . ) )': 5.0}",True
I want to put a copy of this tune into Skatepark Punks,AddToPlaylist,"[['music_item', 'tune'], ['playlist', 'Skatepark Punks']]",( S ( NP ( PRP ) ) ( VP ( VBP ) ( S ) ) ),SNIPS,29,"['( S ( VP ( VB ) ( NP ) ) )', '( SQ ( MD ) ( NP ( PRP ) ) ( VP ( VB ) ( NP ) ( NP ) ) ( . ) )']","['find places that have Join the Dots: B-sides and Rarities', 'Can you find me a copy of The Lion Sleeps Tonight book?']",Discover restaurants that serve Italian cuisine,( S ( VP ( VB ) ( NP ) ) ),"{'( S ( VP ( VB ) ( NP ) ) )': 0.0, '( SQ ( MD ) ( NP ( PRP ) ) ( VP ( VB ) ( NP ) ( NP ) ) ( . ) )': 6.0}",True,Locate establishments offering Italian dishes,( S ( VP ( VB ) ( NP ) ) ),"{'( S ( VP ( VB ) ( NP ) ) )': 0.0, '( SQ ( MD ) ( NP ( PRP ) ) ( VP ( VB ) ( NP ) ( NP ) ) ( . ) )': 6.0}",True,Find places where I can get some Italian food,( S ( VP ( VB ) ( NP ) ) ),"{'( S ( VP ( VB ) ( NP ) ) )': 0.0, '( SQ ( MD ) ( NP ( PRP ) ) ( VP ( VB ) ( NP ) ( NP ) ) ( . ) )': 6.0}",True
"I would give With Lee in Virginia, A Story of the American Civil War chronicle 4 of 6",RateBook,"[['object_name', 'With Lee in Virginia, A Story of the American Civil War'], ['object_part_of_series_type', 'chronicle'], ['rating_value', '4'], ['best_rating', '6']]",( S ( NP ( PRP ) ) ( VP ( MD ) ( VP ) ) ),SNIPS,30,"['( S ( VP ( VB ) ( NP ) ) )', '( SQ ( MD ) ( NP ( PRP ) ) ( VP ( VB ) ( NP ) ( NP ) ) ( . ) )']","['find flights from boston to denver', 'Can you find me the most recent scientific paper about Machine Learning?']","Can you give me the 4th volume in With Lee in Virginia, A Story of the American Civil War series?",( SQ ( MD ) ( NP ( PRP ) ) ( VP ( VB ) ( NP ) ( NP ) ) ( . ) ),"{'( S ( VP ( VB ) ( NP ) ) )': 6.0, '( SQ ( MD ) ( NP ( PRP ) ) ( VP ( VB ) ( NP ) ( NP ) ) ( . ) )': 0.0}",True,"Please provide the 4th part of With Lee in Virginia, A Story of the American Civil War.",( S ( INTJ ( UH ) ) ( VP ( VB ) ( NP ) ) ( . ) ),"{'( S ( VP ( VB ) ( NP ) ) )': 3.0, '( SQ ( MD ) ( NP ( PRP ) ) ( VP ( VB ) ( NP ) ( NP ) ) ( . ) )': 5.0}",True,"I'm looking for chapter four out of six from With Lee in Virginia, A Story of the American Civil War chronicle.",( S ( NP ( PRP ) ) ( VP ( VBP ) ( VP ) ) ( . ) ),"{'( S ( VP ( VB ) ( NP ) ) )': 5.0, '( SQ ( MD ) ( NP ( PRP ) ) ( VP ( VB ) ( NP ) ( NP ) ) ( . ) )': 5.0}",False
Rate this album two out of 6,RateBook,"[['object_select', 'this'], ['object_type', 'album'], ['rating_value', 'two'], ['best_rating', '6']]",( S ( VP ( VB ) ( NP ) ( NP ) ) ),SNIPS,31,"['( S ( VP ( VB ) ( NP ) ) )', '( SQ ( MD ) ( NP ( PRP ) ) ( VP ( VB ) ( NP ) ( NP ) ) ( . ) )']","['Find a couple of beautiful images that match Opera House with dimensions 1024px * 768px', 'Can you tell me the definition of DFW?']",Evaluate this album with a rating of two out of six.,( S ( VP ( VB ) ( NP ) ( PP ) ) ( . ) ),"{'( S ( VP ( VB ) ( NP ) ) )': 2.0, '( SQ ( MD ) ( NP ( PRP ) ) ( VP ( VB ) ( NP ) ( NP ) ) ( . ) )': 5.0}",True,Give this album a rating of two out of six.,( S ( VP ( VB ) ( NP ) ( NP ) ) ( . ) ),"{'( S ( VP ( VB ) ( NP ) ) )': 2.0, '( SQ ( MD ) ( NP ( PRP ) ) ( VP ( VB ) ( NP ) ( NP ) ) ( . ) )': 4.0}",True,"Rate the quality of this album on a scale from one to six, with two being the score.","( S ( VP ( VB ) ( NP ) ( PP ) ( PP ) ( , ) ( PP ) ) ( . ) )","{'( S ( VP ( VB ) ( NP ) ) )': 5.0, '( SQ ( MD ) ( NP ( PRP ) ) ( VP ( VB ) ( NP ) ( NP ) ) ( . ) )': 8.0}",False
Give the current part of the saga 4 points out of 6.,RateBook,"[['object_select', 'current'], ['object_part_of_series_type', 'saga'], ['rating_value', '4'], ['rating_unit', 'points'], ['best_rating', '6']]",( S ( VP ( VB ) ( NP ) ( NP ) ) ( . ) ),SNIPS,32,"['( S ( VP ( VB ) ( NP ) ) )', '( SQ ( MD ) ( NP ( PRP ) ) ( VP ( VB ) ( NP ) ( NP ) ) ( . ) )']","['provide a list of airlines connecting Boston and Denver', 'Can you find me a pub with Italian dressing where I can host a party for 5 people on February 11, 2033?']",Rate the current installment of the series on a scale of 6.,( S ( VP ( VB ) ( NP ) ( PP ) ) ( . ) ),"{'( S ( VP ( VB ) ( NP ) ) )': 2.0, '( SQ ( MD ) ( NP ( PRP ) ) ( VP ( VB ) ( NP ) ( NP ) ) ( . ) )': 5.0}",True,What score would you give to this part of the saga out of a total of 6?,( SBARQ ( WHNP ( WDT ) ( NN ) ) ( SQ ( MD ) ( NP ) ( VP ) ) ( . ) ),"{'( S ( VP ( VB ) ( NP ) ) )': 8.0, '( SQ ( MD ) ( NP ( PRP ) ) ( VP ( VB ) ( NP ) ( NP ) ) ( . ) )': 8.0}",False,Evaluate the current segment of the storyline and assign it a rating out of 6.,( S ( VP ( VP ) ( CC ) ( VP ) ) ( . ) ),"{'( S ( VP ( VB ) ( NP ) ) )': 4.0, '( SQ ( MD ) ( NP ( PRP ) ) ( VP ( VB ) ( NP ) ( NP ) ) ( . ) )': 7.0}",False
Can you play some fifties music by lavern baker,PlayMusic,"[['year', 'fifties'], ['artist', 'lavern baker']]",( SQ ( MD ) ( NP ( PRP ) ) ( VP ( VB ) ( NP ) ( PP ) ) ),SNIPS,33,"['( S ( VP ( VB ) ( NP ) ) )', '( SQ ( MD ) ( NP ( PRP ) ) ( VP ( VB ) ( NP ) ( NP ) ) ( . ) )']","['find the lowest cost ticket from Denver to Pittsburgh', ""Could you give me your feedback on With Lee in Virginia, A Story of the American Civil War chronicle's fourth installment?""]",Can you find some restaurants that serve Italian cuisine?,( SQ ( MD ) ( NP ( PRP ) ) ( VP ( VB ) ( NP ) ) ( . ) ),"{'( S ( VP ( VB ) ( NP ) ) )': 5.0, '( SQ ( MD ) ( NP ( PRP ) ) ( VP ( VB ) ( NP ) ( NP ) ) ( . ) )': 1.0}",True,I'm looking for places where I can get Italian food. Can you help me with that?,( S ( NP ( PRP ) ) ( VP ( VBP ) ( VP ) ) ( . ) ( SQ ( MD ) ( NP ) ( VP ) ) ( . ) ),"{'( S ( VP ( VB ) ( NP ) ) )': 10.0, '( SQ ( MD ) ( NP ( PRP ) ) ( VP ( VB ) ( NP ) ( NP ) ) ( . ) )': 9.0}",False,Do you know any restaurants in the area that specialize in serving Italian dishes?,( SQ ( VBP ) ( NP ( PRP ) ) ( VP ( VB ) ( NP ) ) ( . ) ),"{'( S ( VP ( VB ) ( NP ) ) )': 5.0, '( SQ ( MD ) ( NP ( PRP ) ) ( VP ( VB ) ( NP ) ( NP ) ) ( . ) )': 2.0}",True
Play a 1964 track from Shahram Nazeri on Pandora.,PlayMusic,"[['year', '1964'], ['music_item', 'track'], ['artist', 'Shahram Nazeri'], ['service', 'Pandora']]",( S ( VP ( VB ) ( NP ) ) ( . ) ),SNIPS,34,"['( S ( VP ( VB ) ( NP ) ) )', '( SQ ( MD ) ( NP ( PRP ) ) ( VP ( VB ) ( NP ) ( NP ) ) ( . ) )']","['Locate the most popular pictures with the #LOVE tag', 'Can you show me five conference articles regarding text mining?']",Find a song by Shahram Nazeri from 1964 on Pandora.,( S ( VP ( VB ) ( NP ) ) ( . ) ),"{'( S ( VP ( VB ) ( NP ) ) )': 1.0, '( SQ ( MD ) ( NP ( PRP ) ) ( VP ( VB ) ( NP ) ( NP ) ) ( . ) )': 5.0}",True,Search for a track from Shahram Nazeri released in 1964 on Pandora.,( S ( VP ( VB ) ( PP ) ) ( VP ( VBD ) ( PP ) ( PP ) ) ( . ) ),"{'( S ( VP ( VB ) ( NP ) ) )': 6.0, '( SQ ( MD ) ( NP ( PRP ) ) ( VP ( VB ) ( NP ) ( NP ) ) ( . ) )': 8.0}",False,Can you play a track by Shahram Nazeri that came out in 1964 on Pandora?,( SQ ( MD ) ( NP ( PRP ) ) ( VP ( VB ) ( NP ) ) ( . ) ),"{'( S ( VP ( VB ) ( NP ) ) )': 5.0, '( SQ ( MD ) ( NP ( PRP ) ) ( VP ( VB ) ( NP ) ( NP ) ) ( . ) )': 1.0}",True
Please play me some Satire music,PlayMusic,"[['genre', 'Satire']]",( S ( X ( UH ) ) ( VP ( VB ) ( NP ) ( NP ) ) ),SNIPS,35,"['( S ( VP ( VB ) ( NP ) ) )', '( SQ ( MD ) ( NP ( PRP ) ) ( VP ( VB ) ( NP ) ( NP ) ) ( . ) )']","['include this musician called Kirk Hammett in my Party playlist', 'Can you find me any budget-friendly hotels for a 7-day stay in the vicinity of Riverside?']",Could you please find some music in the genre of satire for me?,( SQ ( MD ) ( NP ( PRP ) ) ( VP ( UH ) ( VP ) ) ( . ) ),"{'( S ( VP ( VB ) ( NP ) ) )': 7.0, '( SQ ( MD ) ( NP ( PRP ) ) ( VP ( VB ) ( NP ) ( NP ) ) ( . ) )': 3.0}",True,"I would like to listen to some satire-themed songs, could you play them for me?","( S ( NP ( PRP ) ) ( VP ( VP ) ( , ) ( SQ ) ) ( . ) )","{'( S ( VP ( VB ) ( NP ) ) )': 6.0, '( SQ ( MD ) ( NP ( PRP ) ) ( VP ( VB ) ( NP ) ( NP ) ) ( . ) )': 5.0}",False,Is it possible if I request you to play some music that falls under the category of satire?,( SQ ( VBZ ) ( NP ( NP ) ) ( ADJP ( JJ ) ) ( SBAR ( IN ) ( S ) ) ( . ) ),"{'( S ( VP ( VB ) ( NP ) ) )': 8.0, '( SQ ( MD ) ( NP ( PRP ) ) ( VP ( VB ) ( NP ) ( NP ) ) ( . ) )': 8.0}",False
When is Crime and Punishment U.S.A. showing?,SearchScreeningEvent,"[['movie_name', 'Crime and Punishment U.S.A.']]",( SBARQ ( WHADVP ( WRB ) ) ( SQ ( VBZ ) ( NP ) ( VP ) ) ( . ) ),SNIPS,36,"['( S ( VP ( VB ) ( NP ) ) )', '( SQ ( MD ) ( NP ( PRP ) ) ( VP ( VB ) ( NP ) ( NP ) ) ( . ) )']","['Discover tutorials on cooking', 'Can you give me information about three barbershops located in Newtown?']",What is the schedule for Crime and Punishment U.S.A.?,( SBARQ ( WHNP ( WP ) ) ( VP ( VBZ ) ( NP ) ) ( . ) ),"{'( S ( VP ( VB ) ( NP ) ) )': 5.0, '( SQ ( MD ) ( NP ( PRP ) ) ( VP ( VB ) ( NP ) ( NP ) ) ( . ) )': 6.0}",False,At what time can I watch Crime and Punishment U.S.A.?,( SBARQ ( WHPP ( IN ) ( WHNP ) ) ( SQ ( MD ) ( NP ) ( VP ) ) ( . ) ),"{'( S ( VP ( VB ) ( NP ) ) )': 8.0, '( SQ ( MD ) ( NP ( PRP ) ) ( VP ( VB ) ( NP ) ( NP ) ) ( . ) )': 8.0}",False,When does Crime and Punishment U.S.A. air?,( SBARQ ( WHADVP ( WRB ) ) ( SQ ( VBZ ) ( NP ) ( VP ) ) ( . ) ),"{'( S ( VP ( VB ) ( NP ) ) )': 7.0, '( SQ ( MD ) ( NP ( PRP ) ) ( VP ( VB ) ( NP ) ( NP ) ) ( . ) )': 7.0}",False
find Fox Theatres with The Caretaker,SearchScreeningEvent,"[['location_name', 'Fox Theatres'], ['movie_name', 'The Caretaker']]",( S ( VP ( VB ) ( NP ) ( PP ) ) ),SNIPS,37,"['( S ( VP ( VB ) ( NP ) ) )', '( SQ ( MD ) ( NP ( PRP ) ) ( VP ( VB ) ( NP ) ( NP ) ) ( . ) )']","['list the airlines that fly from Boston to Denver', 'Can you find me the most recent scientific paper about Machine Learning?']",search for Fox Theatres with The Caretaker,( NP ( NP ( VB ) ) ( PP ( IN ) ( NP ) ) ( PP ( IN ) ( NP ) ) ),"{'( S ( VP ( VB ) ( NP ) ) )': 7.0, '( SQ ( MD ) ( NP ( PRP ) ) ( VP ( VB ) ( NP ) ( NP ) ) ( . ) )': 9.0}",False,locate Fox Theatres showing The Caretaker,( S ( VP ( VB ) ( NP ) ) ),"{'( S ( VP ( VB ) ( NP ) ) )': 0.0, '( SQ ( MD ) ( NP ( PRP ) ) ( VP ( VB ) ( NP ) ( NP ) ) ( . ) )': 6.0}",True,find theaters that are playing the movie The Caretaker,( S ( VP ( VB ) ( NP ) ) ),"{'( S ( VP ( VB ) ( NP ) ) )': 0.0, '( SQ ( MD ) ( NP ( PRP ) ) ( VP ( VB ) ( NP ) ( NP ) ) ( . ) )': 6.0}",True
I would like to watch The Wedding Ring at the movie theatre,SearchScreeningEvent,"[['movie_name', 'The Wedding Ring'], ['object_location_type', 'movie theatre']]",( S ( NP ( PRP ) ) ( VP ( MD ) ( VP ) ) ),SNIPS,38,"['( S ( VP ( VB ) ( NP ) ) )', '( SQ ( MD ) ( NP ( PRP ) ) ( VP ( VB ) ( NP ) ( NP ) ) ( . ) )']","['Find some beautiful pictures that match Opera House with dimensions of 1024px * 768px', 'Can you tell me the definition of DFW?']",Locate a movie theatre that is showing The Wedding Ring,( S ( VP ( VB ) ( NP ) ) ),"{'( S ( VP ( VB ) ( NP ) ) )': 0.0, '( SQ ( MD ) ( NP ( PRP ) ) ( VP ( VB ) ( NP ) ( NP ) ) ( . ) )': 6.0}",True,Is it possible to find a showing of The Wedding Ring at a cinema?,( SQ ( VBZ ) ( NP ( NP ) ) ( ADJP ( JJ ) ) ( S ( VP ) ) ( . ) ),"{'( S ( VP ( VB ) ( NP ) ) )': 7.0, '( SQ ( MD ) ( NP ( PRP ) ) ( VP ( VB ) ( NP ) ( NP ) ) ( . ) )': 7.0}",False,I am looking for the movie theater where I can see The Wedding Ring,( S ( NP ( PRP ) ) ( VP ( VBP ) ( VP ) ) ),"{'( S ( VP ( VB ) ( NP ) ) )': 4.0, '( SQ ( MD ) ( NP ( PRP ) ) ( VP ( VB ) ( NP ) ( NP ) ) ( . ) )': 6.0}",False
I want to read the book The Lion Sleeps Tonight,SearchCreativeWork,"[['object_type', 'book'], ['object_name', 'The Lion Sleeps Tonight']]",( S ( NP ( PRP ) ) ( VP ( VBP ) ( S ) ) ),SNIPS,39,"['( S ( VP ( VB ) ( NP ) ) )', '( SQ ( MD ) ( NP ( PRP ) ) ( VP ( VB ) ( NP ) ( NP ) ) ( . ) )']","['Find videos on cooking', ""Can you give me the reviews for the McDonald's located at Kensington st.?""]",Can you show me the location of The Lion Sleeps Tonight book?,( SQ ( MD ) ( NP ( PRP ) ) ( VP ( VB ) ( NP ) ( NP ) ) ( . ) ),"{'( S ( VP ( VB ) ( NP ) ) )': 6.0, '( SQ ( MD ) ( NP ( PRP ) ) ( VP ( VB ) ( NP ) ( NP ) ) ( . ) )': 0.0}",True,Could you please provide me with a copy of The Lion Sleeps Tonight book?,( SQ ( MD ) ( NP ( PRP ) ) ( VP ( UH ) ( VP ) ) ( . ) ),"{'( S ( VP ( VB ) ( NP ) ) )': 7.0, '( SQ ( MD ) ( NP ( PRP ) ) ( VP ( VB ) ( NP ) ( NP ) ) ( . ) )': 3.0}",True,"I'm interested in reading The Lion Sleeps Tonight, any suggestions on where I can find it?",( S ( NP ( PRP ) ) ( VP ( VBP ) ( ADJP ) ) ( . ) ),"{'( S ( VP ( VB ) ( NP ) ) )': 5.0, '( SQ ( MD ) ( NP ( PRP ) ) ( VP ( VB ) ( NP ) ( NP ) ) ( . ) )': 5.0}",False
Where can I buy a used copy of the game called I Lie Around?,SearchCreativeWork,"[['object_type', 'game'], ['object_name', 'I Lie Around']]",( SBARQ ( WHADVP ( WRB ) ) ( SQ ( MD ) ( NP ) ( VP ) ) ( . ) ),SNIPS,41,"['( S ( VP ( VB ) ( NP ) ) )', '( SQ ( MD ) ( NP ( PRP ) ) ( VP ( VB ) ( NP ) ( NP ) ) ( . ) )']","['Find several beautiful images that match Opera House and have dimensions of 1024px * 768px', 'Can you tell me the weather forecast for Harrison-Crawford State Forest?']",Where can I purchase a second-hand version of the game called I Lie Around?,( SBARQ ( WHADVP ( WRB ) ) ( SQ ( MD ) ( NP ) ( VP ) ) ( . ) ),"{'( S ( VP ( VB ) ( NP ) ) )': 7.0, '( SQ ( MD ) ( NP ( PRP ) ) ( VP ( VB ) ( NP ) ( NP ) ) ( . ) )': 7.0}",False,Are there any places where I can find a pre-owned copy of the game known as I Lie Around?,( SQ ( VBP ) ( NP ( EX ) ) ( NP ( NP ) ( SBAR ) ) ( . ) ),"{'( S ( VP ( VB ) ( NP ) ) )': 7.0, '( SQ ( MD ) ( NP ( PRP ) ) ( VP ( VB ) ( NP ) ( NP ) ) ( . ) )': 5.0}",False,Can you help me locate stores that sell used copies of the game with the title I Lie Around?,( SQ ( MD ) ( NP ( PRP ) ) ( VP ( VB ) ( S ) ) ( . ) ),"{'( S ( VP ( VB ) ( NP ) ) )': 6.0, '( SQ ( MD ) ( NP ( PRP ) ) ( VP ( VB ) ( NP ) ( NP ) ) ( . ) )': 2.0}",True
please give me the cheapest flight from denver to pittsburgh,flight,"[['cost_relative', 'cheapest'], ['fromloc.city_name', 'denver'], ['toloc.city_name', 'pittsburgh']]",( S ( X ( UH ) ) ( VP ( VB ) ( NP ) ( NP ) ) ),ATIS,42,"['( S ( VP ( VB ) ( NP ) ) )', '( SQ ( MD ) ( NP ( PRP ) ) ( VP ( VB ) ( NP ) ( NP ) ) ( . ) )']","['Locate the top-rated pictures that are labeled with #LOVE', 'Can you find me the book called The Lion Sleeps Tonight to read?']",Can you find the least expensive flight from Denver to Pittsburgh for me?,( SQ ( MD ) ( NP ( PRP ) ) ( VP ( VB ) ( NP ) ( PP ) ) ( . ) ),"{'( S ( VP ( VB ) ( NP ) ) )': 6.0, '( SQ ( MD ) ( NP ( PRP ) ) ( VP ( VB ) ( NP ) ( NP ) ) ( . ) )': 1.0}",True,"Could you locate the cheapest available flight between Denver and Pittsburgh, please?","( SQ ( MD ) ( NP ( PRP ) ) ( VP ( VB ) ( NP ) ( , ) ( INTJ ) ) ( . ) )","{'( S ( VP ( VB ) ( NP ) ) )': 7.0, '( SQ ( MD ) ( NP ( PRP ) ) ( VP ( VB ) ( NP ) ( NP ) ) ( . ) )': 2.0}",True,Please help me in finding the most affordable plane ticket from Denver to Pittsburgh.,( S ( X ( UH ) ) ( VP ( VB ) ( NP ) ( PP ) ) ( . ) ),"{'( S ( VP ( VB ) ( NP ) ) )': 4.0, '( SQ ( MD ) ( NP ( PRP ) ) ( VP ( VB ) ( NP ) ( NP ) ) ( . ) )': 5.0}",False
i want to fly from milwaukee to orlando on either wednesday evening or thursday morning,flight,"[['fromloc.city_name', 'milwaukee'], ['toloc.city_name', 'orlando'], ['depart_date.day_name', 'wednesday'], ['depart_time.period_of_day', 'evening'], ['depart_date.day_name', 'thursday'], ['depart_time.period_of_day', 'morning']]",( S ( NP ( PRP ) ) ( VP ( VBP ) ( S ) ) ),ATIS,43,"['( S ( VP ( VB ) ( NP ) ) )', '( SQ ( MD ) ( NP ( PRP ) ) ( VP ( VB ) ( NP ) ( NP ) ) ( . ) )']","['locate Fox Theatres showing The Caretaker', 'Could you give me an update on the weather conditions at Harrison-Crawford State Forest?']",Find restaurants in Milwaukee and Orlando where I can have Italian food,( S ( VP ( VB ) ( NP ) ) ),"{'( S ( VP ( VB ) ( NP ) ) )': 0.0, '( SQ ( MD ) ( NP ( PRP ) ) ( VP ( VB ) ( NP ) ( NP ) ) ( . ) )': 6.0}",True,Can you help me locate places in Milwaukee and Orlando that serve Italian cuisine?,( SQ ( MD ) ( NP ( PRP ) ) ( VP ( VB ) ( S ) ) ( . ) ),"{'( S ( VP ( VB ) ( NP ) ) )': 6.0, '( SQ ( MD ) ( NP ( PRP ) ) ( VP ( VB ) ( NP ) ( NP ) ) ( . ) )': 2.0}",True,I'm looking for dining options in Milwaukee and Orlando that offer Italian dishes,( S ( NP ( PRP ) ) ( VP ( VBP ) ( VP ) ) ),"{'( S ( VP ( VB ) ( NP ) ) )': 4.0, '( SQ ( MD ) ( NP ( PRP ) ) ( VP ( VB ) ( NP ) ( NP ) ) ( . ) )': 6.0}",False
what is the lowest fare from denver to pittsburgh,airfare,"[['cost_relative', 'lowest'], ['fromloc.city_name', 'denver'], ['toloc.city_name', 'pittsburgh']]",( SBAR ( WHNP ( WP ) ) ( S ( VP ) ) ),ATIS,44,"['( S ( VP ( VB ) ( NP ) ) )', '( SQ ( MD ) ( NP ( PRP ) ) ( VP ( VB ) ( NP ) ( NP ) ) ( . ) )']","['Discover cooking tutorials', 'Can you tell me the cheapest price for a flight from Denver to Pittsburgh?']",What is the least expensive cost for traveling from Denver to Pittsburgh?,( SBARQ ( WHNP ( WP ) ) ( VP ( VBZ ) ( NP ) ) ( . ) ),"{'( S ( VP ( VB ) ( NP ) ) )': 5.0, '( SQ ( MD ) ( NP ( PRP ) ) ( VP ( VB ) ( NP ) ( NP ) ) ( . ) )': 6.0}",False,Could you inform me of the lowest price for a trip between Denver and Pittsburgh?,( SQ ( MD ) ( NP ( PRP ) ) ( VP ( VB ) ( NP ) ( PP ) ) ( . ) ),"{'( S ( VP ( VB ) ( NP ) ) )': 6.0, '( SQ ( MD ) ( NP ( PRP ) ) ( VP ( VB ) ( NP ) ( NP ) ) ( . ) )': 1.0}",True,Can you tell me how much is the cheapest fare from Denver to Pittsburgh?,( SQ ( MD ) ( NP ( PRP ) ) ( VP ( VB ) ( NP ) ( SBARQ ) ) ( . ) ),"{'( S ( VP ( VB ) ( NP ) ) )': 6.0, '( SQ ( MD ) ( NP ( PRP ) ) ( VP ( VB ) ( NP ) ( NP ) ) ( . ) )': 1.0}",True
what is the cheapest one way fare from boston to baltimore,airfare,"[['cost_relative', 'cheapest'], ['round_trip', 'one way'], ['fromloc.city_name', 'boston'], ['toloc.city_name', 'baltimore']]",( SBARQ ( WHNP ( WP ) ) ( S ( VP ) ) ),ATIS,45,"['( S ( VP ( VB ) ( NP ) ) )', '( SQ ( MD ) ( NP ( PRP ) ) ( VP ( VB ) ( NP ) ( NP ) ) ( . ) )']","['Discover a handful of stunning photos featuring the Opera House, all with dimensions of 1024 pixels by 768 pixels', 'Can you tell me the weather forecast for Harrison-Crawford State Forest?']",What is the least expensive fare for a one-way trip from Boston to Baltimore?,( SBARQ ( WHNP ( WP ) ) ( VP ( VBZ ) ( NP ) ) ( . ) ),"{'( S ( VP ( VB ) ( NP ) ) )': 5.0, '( SQ ( MD ) ( NP ( PRP ) ) ( VP ( VB ) ( NP ) ( NP ) ) ( . ) )': 6.0}",False,Tell me the lowest-priced ticket for traveling from Boston to Baltimore on a one-way basis.,( S ( VP ( VB ) ( NP ) ( NP ) ) ( . ) ),"{'( S ( VP ( VB ) ( NP ) ) )': 2.0, '( SQ ( MD ) ( NP ( PRP ) ) ( VP ( VB ) ( NP ) ( NP ) ) ( . ) )': 4.0}",True,What is the most affordable single-trip cost for travel between Boston and Baltimore?,( SBARQ ( WHNP ( WP ) ) ( SQ ( VP ) ) ( . ) ),"{'( S ( VP ( VB ) ( NP ) ) )': 6.0, '( SQ ( MD ) ( NP ( PRP ) ) ( VP ( VB ) ( NP ) ( NP ) ) ( . ) )': 8.0}",False
what is the ground transportation from oakland to san francisco,ground_service,"[['fromloc.city_name', 'oakland'], ['toloc.city_name', 'san francisco']]",( SBARQ ( WHNP ( WP ) ) ( S ( VP ) ) ),ATIS,46,"['( S ( VP ( VB ) ( NP ) ) )', '( SQ ( MD ) ( NP ( PRP ) ) ( VP ( VB ) ( NP ) ( NP ) ) ( . ) )']","['list all the airlines that have flights from boston to atlanta', ""Could you give me some information about the customer reviews of McDonald's on Kensington St?""]",Can you tell me about the available transportation options for traveling between Oakland and San Francisco?,( SQ ( MD ) ( NP ( PRP ) ) ( VP ( VB ) ( NP ) ( PP ) ) ( . ) ),"{'( S ( VP ( VB ) ( NP ) ) )': 6.0, '( SQ ( MD ) ( NP ( PRP ) ) ( VP ( VB ) ( NP ) ( NP ) ) ( . ) )': 1.0}",True,I'm looking for transportation from Oakland to San Francisco. What are my options?,( S ( NP ( PRP ) ) ( VP ( VBP ) ( VP ) ) ( . ) ( SBARQ ( WHNP ) ( SQ ) ) ( . ) ),"{'( S ( VP ( VB ) ( NP ) ) )': 9.0, '( SQ ( MD ) ( NP ( PRP ) ) ( VP ( VB ) ( NP ) ( NP ) ) ( . ) )': 9.0}",False,What are the different ways to get from Oakland to San Francisco using public transportation?,( SBARQ ( WHNP ( WP ) ) ( SQ ( VBP ) ( NP ) ) ( . ) ),"{'( S ( VP ( VB ) ( NP ) ) )': 6.0, '( SQ ( MD ) ( NP ( PRP ) ) ( VP ( VB ) ( NP ) ( NP ) ) ( . ) )': 7.0}",False
can i get a rental car in dallas,ground_service,"[['transport_type', 'rental car'], ['city_name', 'dallas']]",( SQ ( MD ) ( NP ( PRP ) ) ( VP ( VB ) ( NP ) ( PP ) ) ),ATIS,47,"['( S ( VP ( VB ) ( NP ) ) )', '( SQ ( MD ) ( NP ( PRP ) ) ( VP ( VB ) ( NP ) ( NP ) ) ( . ) )']","['locate Fox Theatres featuring The Caretaker', 'Can you tell me the weather forecast for Harrison-Crawford State Forest?']",Is there availability for rental cars in Dallas?,( SQ ( VBZ ) ( NP ( EX ) ) ( NP ( NP ) ( PP ) ) ( . ) ),"{'( S ( VP ( VB ) ( NP ) ) )': 7.0, '( SQ ( MD ) ( NP ( PRP ) ) ( VP ( VB ) ( NP ) ( NP ) ) ( . ) )': 5.0}",False,Where can I find a rental car in Dallas?,( SBARQ ( WHADVP ( WRB ) ) ( SQ ( MD ) ( NP ) ( VP ) ) ( . ) ),"{'( S ( VP ( VB ) ( NP ) ) )': 7.0, '( SQ ( MD ) ( NP ( PRP ) ) ( VP ( VB ) ( NP ) ( NP ) ) ( . ) )': 7.0}",False,Are there any options for renting a car in Dallas?,( SQ ( VBP ) ( NP ( EX ) ) ( NP ( NP ) ( PP ) ) ( . ) ),"{'( S ( VP ( VB ) ( NP ) ) )': 7.0, '( SQ ( MD ) ( NP ( PRP ) ) ( VP ( VB ) ( NP ) ( NP ) ) ( . ) )': 5.0}",False
what airlines fly between boston and atlanta,airline,"[['fromloc.city_name', 'boston'], ['toloc.city_name', 'atlanta']]",( SBAR ( WHNP ( WP ) ) ( S ( NP ) ( VP ) ) ),ATIS,48,"['( S ( VP ( VB ) ( NP ) ) )', '( SQ ( MD ) ( NP ( PRP ) ) ( VP ( VB ) ( NP ) ( NP ) ) ( . ) )']","['Find videos about cooking', 'Can you tell me the weather forecast for Harrison-Crawford State Forest?']",Which airlines operate flights between Boston and Atlanta?,( SBARQ ( WHNP ( WDT ) ( NNS ) ) ( SQ ( VP ) ) ( . ) ),"{'( S ( VP ( VB ) ( NP ) ) )': 7.0, '( SQ ( MD ) ( NP ( PRP ) ) ( VP ( VB ) ( NP ) ( NP ) ) ( . ) )': 9.0}",False,Can you provide a list of airlines that have routes from Boston to Atlanta?,( SQ ( MD ) ( NP ( PRP ) ) ( VP ( VB ) ( NP ) ) ( . ) ),"{'( S ( VP ( VB ) ( NP ) ) )': 5.0, '( SQ ( MD ) ( NP ( PRP ) ) ( VP ( VB ) ( NP ) ( NP ) ) ( . ) )': 1.0}",True,I'm looking for information about the airlines flying between Boston and Atlanta.,( S ( NP ( PRP ) ) ( VP ( VBP ) ( VP ) ) ( . ) ),"{'( S ( VP ( VB ) ( NP ) ) )': 5.0, '( SQ ( MD ) ( NP ( PRP ) ) ( VP ( VB ) ( NP ) ( NP ) ) ( . ) )': 5.0}",False
show me the airlines between boston and denver,airline,"[['fromloc.city_name', 'boston'], ['toloc.city_name', 'denver']]",( S ( VP ( VB ) ( S ) ) ),ATIS,49,"['( S ( VP ( VB ) ( NP ) ) )', '( SQ ( MD ) ( NP ( PRP ) ) ( VP ( VB ) ( NP ) ( NP ) ) ( . ) )']","['find flights from boston to denver', 'Can you tell me the meaning of ls?']",locate the airlines flying between Boston and Denver,( S ( VP ( VB ) ( NP ) ) ),"{'( S ( VP ( VB ) ( NP ) ) )': 0.0, '( SQ ( MD ) ( NP ( PRP ) ) ( VP ( VB ) ( NP ) ( NP ) ) ( . ) )': 6.0}",True,display a list of airlines that travel from Boston to Denver,( S ( VP ( VB ) ( NP ) ) ),"{'( S ( VP ( VB ) ( NP ) ) )': 0.0, '( SQ ( MD ) ( NP ( PRP ) ) ( VP ( VB ) ( NP ) ( NP ) ) ( . ) )': 6.0}",True,find the flights available for travel between Boston and Denver,( S ( VP ( VB ) ( NP ) ) ),"{'( S ( VP ( VB ) ( NP ) ) )': 0.0, '( SQ ( MD ) ( NP ( PRP ) ) ( VP ( VB ) ( NP ) ( NP ) ) ( . ) )': 6.0}",True
what does ls stand for,abbreviation,"[['meal_code', 'ls']]",( SBARQ ( WHNP ( WP ) ) ( SQ ( VBZ ) ( NP ) ( VP ) ) ),ATIS,50,"['( S ( VP ( VB ) ( NP ) ) )', '( SQ ( MD ) ( NP ( PRP ) ) ( VP ( VB ) ( NP ) ( NP ) ) ( . ) )']","['Find videos about cooking', 'Can you find me any budget-friendly hotels for a 7-day stay in the vicinity of Riverside?']",What is the meaning of ls?,( SBARQ ( WHNP ( WP ) ) ( SQ ( VBZ ) ( NP ) ) ( . ) ),"{'( S ( VP ( VB ) ( NP ) ) )': 6.0, '( SQ ( MD ) ( NP ( PRP ) ) ( VP ( VB ) ( NP ) ( NP ) ) ( . ) )': 7.0}",False,Can you tell me the full form of ls?,( SQ ( MD ) ( NP ( PRP ) ) ( VP ( VB ) ( NP ) ( NP ) ) ( . ) ),"{'( S ( VP ( VB ) ( NP ) ) )': 6.0, '( SQ ( MD ) ( NP ( PRP ) ) ( VP ( VB ) ( NP ) ( NP ) ) ( . ) )': 0.0}",True,Please explain what ls stands for.,( S ( WHNP ( UH ) ) ( VP ( VB ) ( SBAR ) ) ( . ) ),"{'( S ( VP ( VB ) ( NP ) ) )': 4.0, '( SQ ( MD ) ( NP ( PRP ) ) ( VP ( VB ) ( NP ) ( NP ) ) ( . ) )': 6.0}",False
what does dfw mean,abbreviation,"[['airport_code', 'dfw']]",( SBARQ ( WHNP ( WP ) ) ( SQ ( VBZ ) ( NP ) ( VP ) ) ),ATIS,51,"['( S ( VP ( VB ) ( NP ) ) )', '( SQ ( MD ) ( NP ( PRP ) ) ( VP ( VB ) ( NP ) ( NP ) ) ( . ) )']","['provide information about airlines servicing the route from Boston to Denver', 'Can you find me the most recent scientific publication about Machine Learning?']",Can you explain the meaning of DFW?,( SQ ( MD ) ( NP ( PRP ) ) ( VP ( VB ) ( NP ) ) ( . ) ),"{'( S ( VP ( VB ) ( NP ) ) )': 5.0, '( SQ ( MD ) ( NP ( PRP ) ) ( VP ( VB ) ( NP ) ( NP ) ) ( . ) )': 1.0}",True,Tell me what DFW stands for.,( S ( VP ( VB ) ( NP ) ( SBAR ) ) ( . ) ),"{'( S ( VP ( VB ) ( NP ) ) )': 2.0, '( SQ ( MD ) ( NP ( PRP ) ) ( VP ( VB ) ( NP ) ( NP ) ) ( . ) )': 5.0}",True,Can you provide me with the definition of DFW?,( SQ ( MD ) ( NP ( PRP ) ) ( VP ( VB ) ( NP ) ( PP ) ) ( . ) ),"{'( S ( VP ( VB ) ( NP ) ) )': 6.0, '( SQ ( MD ) ( NP ( PRP ) ) ( VP ( VB ) ( NP ) ( NP ) ) ( . ) )': 1.0}",True
What is the forecast for Harrison-Crawford State Forest,GetWeather,"[['geographic_poi', 'Harrison-Crawford State Forest']]",( SBARQ ( WHNP ( WP ) ) ( S ( VP ) ) ),SNIPS,21,"['( S ( VP ( VB ) ( NP ) ) )', '( SQ ( MD ) ( NP ( PRP ) ) ( VP ( VB ) ( NP ) ( NP ) ) ( . ) )']","['include Kirk Hammett in my Party playlist', ""Can you give me the reviews for the McDonald's located at Kensington st.?""]",Can you tell me the weather forecast for Harrison-Crawford State Forest?,( SQ ( MD ) ( NP ( PRP ) ) ( VP ( VB ) ( NP ) ( NP ) ) ( . ) ),"{'( S ( VP ( VB ) ( NP ) ) )': 6.0, '( SQ ( MD ) ( NP ( PRP ) ) ( VP ( VB ) ( NP ) ( NP ) ) ( . ) )': 0.0}",True,Could you provide me with the predictions for Harrison-Crawford State Forest?,( SQ ( MD ) ( NP ( PRP ) ) ( VP ( VB ) ( NP ) ( PP ) ) ( . ) ),"{'( S ( VP ( VB ) ( NP ) ) )': 6.0, '( SQ ( MD ) ( NP ( PRP ) ) ( VP ( VB ) ( NP ) ( NP ) ) ( . ) )': 1.0}",True,What is the outlook for Harrison-Crawford State Forest's weather?,( SBARQ ( WHNP ( WP ) ) ( SQ ( VBZ ) ( NP ) ) ( . ) ),"{'( S ( VP ( VB ) ( NP ) ) )': 6.0, '( SQ ( MD ) ( NP ( PRP ) ) ( VP ( VB ) ( NP ) ( NP ) ) ( . ) )': 7.0}",False
find Join the Dots: B-sides and Rarities,SearchCreativeWork,"[['object_name', 'Join the Dots: B-sides and Rarities']]",( S ( VP ( VB ) ( S ) ) ),SNIPS,40,"['( S ( VP ( VB ) ( NP ) ) )', '( SQ ( MD ) ( NP ( PRP ) ) ( VP ( VB ) ( NP ) ( NP ) ) ( . ) )']","['Find videos about cooking', 'Can you give me a rating for With Lee in Virginia, A Story of the American Civil War chronicle 4 out of 6?']",locate Join the Dots: B-sides and Rarities,( S ( S ( VP ) ) ( : ) ( NP ( NNS ) ( CC ) ( NNS ) ) ),"{'( S ( VP ( VB ) ( NP ) ) )': 6.0, '( SQ ( MD ) ( NP ( PRP ) ) ( VP ( VB ) ( NP ) ( NP ) ) ( . ) )': 9.0}",False,search for Join the Dots: B-sides and Rarities,( NP ( NP ( NP ) ( PP ) ) ( : ) ( NP ( NNS ) ( CC ) ( NNS ) ) ),"{'( S ( VP ( VB ) ( NP ) ) )': 8.0, '( SQ ( MD ) ( NP ( PRP ) ) ( VP ( VB ) ( NP ) ( NP ) ) ( . ) )': 10.0}",False,find the album called Join the Dots: B-sides and Rarities,( S ( VP ( VB ) ( NP ) ) ),"{'( S ( VP ( VB ) ( NP ) ) )': 0.0, '( SQ ( MD ) ( NP ( PRP ) ) ( VP ( VB ) ( NP ) ( NP ) ) ( . ) )': 6.0}",True
